order_number,customer_name,customer_email,product_name,product_sku,quantity,total_amount,order_date,shipping_status,tracking_number,carrier,delivery_address
#34933,Emma Williams,emma.williams41@hotmail.com,RAM 16GB DDR4,RAM-132,4,239.96,2026-01-15,shipped,32749648897784,OnTrac,"5097 Sunset Blvd, Houston, TX 77001"
#62140,Brandon Sanchez,brandon.sanchez66@yahoo.com,Mini Projector,MP-113,2,399.98,2026-04-05,delivered,9356151458,DHL,"902 Main St, Miami, FL 33101"
#81972,Barbara Gray,barbara.gray12@proton.me,Mechanical Keyboard,MK-200,4,359.96,2025-11-26,pending,,,"3317 Forest Dr, Bakersfield, CA 93301"
#46563,Emily Collins,emily.collins54@gmail.com,Capture Card,CC-126,1,89.99,2026-04-01,shipped,19997990583438,OnTrac,"7447 Highland Ave, Phoenix, AZ 85001"
#36272,Sandra Perry,sandra.perry80@hotmail.com,Smartphone Gimbal,SG-129,2,219.98,2025-12-15,shipped,75403190737177,Amazon Logistics,"6319 Broadway, Pittsburgh, PA 15201"
#22979,Kimberly Sanchez,kimberly.sanchez59@gmail.com,Gaming Mouse,GM-122,1,69.99,2026-02-24,delivered,41954189207646657512,USPS,"3394 Broadway, Omaha, NE 68101"
#34638,Nicholas Diaz,nicholas.diaz63@outlook.com,NVMe SSD 500GB,NVM-131,3,239.97,2025-12-24,delivered,76874218337426,OnTrac,"3806 Summit Ave, Denver, CO 80201"
#94274,Sandra Nelson,sandra.nelson51@outlook.com,Cable Management Box,CMB-108,4,99.96,2026-03-07,processing,,,"2725 Washington Blvd, Miami, FL 33101"
#22220,Jason Sanders,jason.sanders93@icloud.com,RAM 16GB DDR4,RAM-132,4,239.96,2026-04-12,shipped,135945881231,FedEx,"3326 Maple Dr, New Orleans, LA 70112"
#27410,Daniel Brooks,daniel.brooks37@proton.me,Portable Monitor,PM-130,4,999.96,2026-02-23,pending,,,"1824 Meadow Ln, San Francisco, CA 94101"
#21907,Timothy Stewart,timothy.stewart71@hotmail.com,Capture Card,CC-126,1,89.99,2026-03-14,delivered,724531100185,FedEx,"7926 Cedar Ln, Louisville, KY 40201"
#94506,Dorothy Mitchell,dorothy.mitchell36@yahoo.com,Mechanical Keyboard,MK-200,1,89.99,2026-01-15,shipped,1Z9620612022779999,UPS,"1633 Washington Blvd, Pittsburgh, PA 15201"
#39598,Jacob Baker,jacob.baker23@gmail.com,LED Desk Lamp,LDL-800,2,69.98,2026-04-12,delivered,19408875108666,OnTrac,"7892 Elm St, San Jose, CA 95101"
#78723,Debra Williams,debra.williams47@proton.me,Notebook Hardcover,NB-142,3,44.97,2025-11-25,delivered,3231958704,DHL,"4545 Washington Blvd, Atlanta, GA 30301"
#47334,Mark Price,mark.price13@proton.me,Noise Cancelling Headphones,NCH-600,1,129.99,2026-02-10,out_for_delivery,28139748303994,Amazon Logistics,"8316 Park Ave, Cleveland, OH 44101"
#23920,Deborah Ward,deborah.ward33@outlook.com,Standing Desk Mat,SDM-101,4,223.96,2026-01-15,shipped,61539216193568,OnTrac,"4925 Lake Dr, Columbus, OH 43085"
#28505,Larry Bennett,larry.bennett85@yahoo.com,Desk Organizer,DO-116,2,55.98,2026-04-11,shipped,80423142916840,OnTrac,"9335 Broadway, Aurora, CO 80010"
#16602,Michelle Hughes,michelle.hughes66@hotmail.com,Gaming Headset,GH-123,3,359.97,2025-12-22,delivered,2840859131,DHL,"5583 Lake Dr, Salt Lake City, UT 84101"
#73925,Melissa Adams,melissa.adams37@icloud.com,Desk Organizer,DO-116,2,55.98,2025-11-30,delivered,1Z9108361927679223,UPS,"7840 Highland Ave, Salt Lake City, UT 84101"
#51356,Paul Watson,paul.watson33@yahoo.com,NVMe SSD 500GB,NVM-131,3,239.97,2026-01-17,shipped,26666349517913,OnTrac,"5221 Maple Dr, St. Louis, MO 63101"
#27392,Dorothy Harris,dorothy.harris8@hotmail.com,Earbuds Pro,EP-121,2,199.98,2026-02-21,pending,,,"5836 Willow Way, Tampa, FL 33601"
#67114,David Williams,david.williams58@yahoo.com,Tripod Stand,TS-128,2,79.98,2026-01-19,shipped,47806211569069,Amazon Logistics,"4556 Lake Dr, Columbus, OH 43085"
#42932,Helen Martinez,helen.martinez38@outlook.com,Smartphone Gimbal,SG-129,2,219.98,2025-12-21,processing,,,"1693 Park Ave, Springfield, IL 62701"
#59462,Nicholas Bailey,nicholas.bailey15@proton.me,Smartphone Gimbal,SG-129,1,109.99,2026-04-15,shipped,4400507287,DHL,"2885 Hillside Rd, Kansas City, MO 64101"
#60787,Donna Rogers,donna.rogers79@yahoo.com,Cable Management Box,CMB-108,2,49.98,2026-03-03,pending,,,"6873 Cedar Ln, Philadelphia, PA 19101"
#98375,Sarah Sullivan,sarah.sullivan15@proton.me,Mini Projector,MP-113,3,599.97,2026-01-12,shipped,1Z2457602750644593,UPS,"7301 Lakeview Dr, Cincinnati, OH 45201"
#95986,Susan Moore,susan.moore5@hotmail.com,Smartwatch,SW-119,1,199.99,2026-01-02,shipped,58382032845535,Amazon Logistics,"2862 Sunset Blvd, Minneapolis, MN 55401"
#25700,Katherine Moore,katherine.moore75@outlook.com,Earbuds Pro,EP-121,4,399.96,2025-12-07,delivered,1Z5062322410351371,UPS,"9672 Valley Rd, Honolulu, HI 96801"
#15384,Janet Evans,janet.evans34@yahoo.com,Standing Desk Mat,SDM-101,3,167.97,2026-03-28,shipped,27956949432406,Amazon Logistics,"5524 Cedar Ln, Nashville, TN 37201"
#84785,Donald Murphy,donald.murphy2@gmail.com,Webcam HD 1080p,WC-500,2,159.98,2025-12-31,delivered,06458361317166358095,USPS,"6008 Willow Way, Detroit, MI 48201"
#76409,Thomas Lewis,thomas.lewis59@outlook.com,Air Purifier,AP-115,4,519.96,2026-05-01,delivered,55024945728011,LaserShip,"1857 Hillside Rd, Honolulu, HI 96801"
#80402,Stephanie King,stephanie.king83@hotmail.com,Ergonomic Chair,EC-900,1,299.99,2026-04-02,out_for_delivery,1Z4700744871769582,UPS,"8497 Maple Dr, Houston, TX 77001"
#18343,Elizabeth Moore,elizabeth.moore9@outlook.com,Mouse Pad XL,MPX-109,3,68.97,2026-05-12,shipped,1Z4678221937770719,UPS,"8559 Broadway, San Jose, CA 95101"
#99681,Pamela Smith,pamela.smith66@proton.me,Fitness Tracker,FT-120,2,179.98,2025-11-29,shipped,1Z7046385528366961,UPS,"1477 Lakeview Dr, Bakersfield, CA 93301"
#67957,Mary Wright,mary.wright25@yahoo.com,Smart Bulb Pack,SBP-114,2,79.98,2026-03-23,pending,,,"907 Washington Blvd, Corpus Christi, TX 78401"
#78478,Jacob Ortiz,jacob.ortiz89@outlook.com,Notebook Hardcover,NB-142,1,14.99,2026-03-18,shipped,1Z3043657912525367,UPS,"9449 Valley Rd, Louisville, KY 40201"
#80902,Patrick Adams,patrick.adams74@yahoo.com,Wireless Mouse,WM-100,4,199.96,2026-04-29,shipped,1Z1720465193338921,UPS,"8301 Maple Dr, Indianapolis, IN 46201"
#69079,Kimberly Mitchell,kimberly.mitchell16@yahoo.com,4K Webcam,4KW-112,2,299.98,2025-12-27,delivered,32540309825350,OnTrac,"7642 Oak Ave, Philadelphia, PA 19101"
#45823,Susan Henderson,susan.henderson64@outlook.com,Smart Plug,SP-104,4,79.96,2026-03-31,shipped,17655129827735,LaserShip,"8144 Maple Dr, Kansas City, MO 64101"
#30927,Paul Moore,paul.moore26@hotmail.com,Green Screen,GS-127,3,137.97,2025-11-22,delivered,1Z1736661141455260,UPS,"9511 Highland Ave, Indianapolis, IN 46201"
#89808,Rebecca Morgan,rebecca.morgan20@gmail.com,Mechanical Numpad,MN-124,3,167.97,2026-01-20,shipped,66949981249191,OnTrac,"9262 Elm St, Detroit, MI 48201"
#17999,Amanda Wilson,amanda.wilson30@yahoo.com,Smart Plug,SP-104,4,79.96,2026-03-05,pending,,,"4065 Broadway, Bakersfield, CA 93301"
#35002,Timothy Fisher,timothy.fisher71@outlook.com,Mechanical Keyboard,MK-200,2,179.98,2026-05-09,shipped,94910742532299,Amazon Logistics,"6535 Broadway, Dallas, TX 75201"
#97357,Gary Gomez,gary.gomez78@outlook.com,Webcam HD 1080p,WC-500,3,239.97,2025-12-12,delivered,31784417232616,Amazon Logistics,"2282 Sunset Blvd, Memphis, TN 38101"
#93893,Jacob Foster,jacob.foster85@proton.me,CPU Cooler,CC-133,2,99.98,2026-05-08,shipped,1Z7481779215929970,UPS,"9984 Cedar Ln, New Orleans, LA 70112"
#62075,John Watson,john.watson46@icloud.com,Ergonomic Chair,EC-900,4,1199.96,2026-04-28,pending,,,"3371 Meadow Ln, Austin, TX 73301"
#12183,Edward Taylor,edward.taylor48@gmail.com,Whiteboard Markers Set,WMS-140,3,38.97,2026-03-30,delivered,82778150697320,Amazon Logistics,"3573 Hillside Rd, Pittsburgh, PA 15201"
#22398,Jerry Diaz,jerry.diaz5@icloud.com,Earbuds Pro,EP-121,2,199.98,2025-12-22,processing,,,"5195 Pine Rd, Los Angeles, CA 90001"
#41504,Sarah Ward,sarah.ward45@gmail.com,Portable SSD 1TB,SSD-102,1,109.99,2026-01-11,processing,,,"9928 Park Ave, New Orleans, LA 70112"
#39458,Brandon Smith,brandon.smith54@outlook.com,RAM 16GB DDR4,RAM-132,1,59.99,2026-05-13,delivered,1358376773,DHL,"7444 Oak Ave, Omaha, NE 68101"
#19946,Kenneth Evans,kenneth.evans70@gmail.com,Cable Organizer Kit,COK-134,3,53.97,2026-04-19,shipped,68551106893046,OnTrac,"3014 Lakeview Dr, Charlotte, NC 28201"
#54782,Kevin Long,kevin.long29@yahoo.com,Capture Card,CC-126,1,89.99,2026-04-12,delivered,72611768613078,OnTrac,"3524 Willow Way, Chicago, IL 60601"
#20625,Steven Torres,steven.torres47@yahoo.com,Smartwatch,SW-119,4,799.96,2026-05-09,shipped,22562325169834,OnTrac,"2142 Broadway, San Francisco, CA 94101"
#10267,Amanda Wood,amanda.wood87@gmail.com,Desk Organizer,DO-116,3,83.97,2026-02-11,delivered,968957850049,FedEx,"7192 Hillside Rd, Phoenix, AZ 85001"
#99801,Frank Hughes,frank.hughes60@icloud.com,Surge Protector,SP2-135,3,98.97,2025-12-11,delivered,4907175720,DHL,"5190 Park Ave, Bakersfield, CA 93301"
#83634,Gary Barnes,gary.barnes6@yahoo.com,Mechanical Numpad,MN-124,2,111.98,2026-02-28,delivered,09581739318162,Amazon Logistics,"4721 Cedar Ln, Oklahoma City, OK 73101"
#72705,Sharon Ortiz,sharon.ortiz66@hotmail.com,Notebook Hardcover,NB-142,2,29.98,2025-12-09,delivered,170600050032,FedEx,"5787 Willow Way, Richmond, VA 23218"
#42794,Sarah Martin,sarah.martin51@gmail.com,Gaming Headset,GH-123,2,239.98,2026-02-11,delivered,150608719090,FedEx,"8908 Meadow Ln, Omaha, NE 68101"
#57569,Raymond Walker,raymond.walker22@icloud.com,Ring Light 10inch,RL-105,2,99.98,2025-12-30,delivered,00689703138623,LaserShip,"742 Forest Dr, Dallas, TX 75201"
#41402,Carol Rogers,carol.rogers60@icloud.com,Laminator,LAM-138,1,39.99,2026-04-25,shipped,20203390287786435482,USPS,"9038 Broadway, Raleigh, NC 27601"
#21562,Maria Morales,maria.morales52@icloud.com,Gaming Mouse,GM-122,4,279.96,2026-05-21,returned,54220068959666,Amazon Logistics,"1145 Hillside Rd, Tampa, FL 33601"
#13370,Helen Taylor,helen.taylor81@yahoo.com,Mechanical Numpad,MN-124,4,223.96,2026-04-04,processing,,,"9367 Willow Way, Arlington, TX 76001"
#68169,Samuel Barnes,samuel.barnes46@hotmail.com,Portable Monitor,PM-130,1,249.99,2025-12-08,out_for_delivery,07613237135235763728,USPS,"5683 Summit Ave, Richmond, VA 23218"
#75231,Betty Edwards,betty.edwards29@yahoo.com,Drawing Tablet,DT-111,2,319.98,2026-04-24,shipped,1Z2458169568763408,UPS,"4277 Summit Ave, Detroit, MI 48201"
#55468,Carolyn Torres,carolyn.torres52@yahoo.com,LED Desk Lamp,LDL-800,3,104.97,2026-04-22,pending,,,"3605 Cedar Ln, Minneapolis, MN 55401"
#54708,Eric Turner,eric.turner89@hotmail.com,Docking Station,DS-125,4,599.96,2026-04-02,delivered,0519540300,DHL,"2922 Main St, Denver, CO 80201"
#71784,Jessica Sanchez,jessica.sanchez11@proton.me,Desk Organizer,DO-116,1,27.99,2026-04-25,delivered,44170137513148,Amazon Logistics,"5276 Cedar Ln, Philadelphia, PA 19101"
#39843,Stephen Powell,stephen.powell10@yahoo.com,USB-C Hub,UCH-300,4,159.96,2026-04-16,delivered,0705041420,DHL,"9661 Willow Way, Indianapolis, IN 46201"
#31508,Justin Jenkins,justin.jenkins86@outlook.com,Portable Monitor,PM-130,3,749.97,2026-04-23,shipped,1Z0701798603570066,UPS,"3342 Lake Dr, Nashville, TN 37201"
#91048,Nicholas Rivera,nicholas.rivera30@yahoo.com,Cable Organizer Kit,COK-134,3,53.97,2026-02-09,delivered,88047777848932095898,USPS,"7671 Summit Ave, Memphis, TN 38101"
#68718,Rachel Miller,rachel.miller44@proton.me,Mouse Pad XL,MPX-109,3,68.97,2025-12-01,delivered,331573223592,FedEx,"2450 Sunset Blvd, Detroit, MI 48201"
#52276,Rebecca Thompson,rebecca.thompson73@hotmail.com,Smartphone Gimbal,SG-129,1,109.99,2025-12-11,delivered,1Z4725888059386629,UPS,"5009 Sunset Blvd, Cleveland, OH 44101"
#51553,Robert Torres,robert.torres66@hotmail.com,USB Microphone,UM-110,4,359.96,2026-04-04,out_for_delivery,171267647979,FedEx,"2207 Forest Dr, New Orleans, LA 70112"
#37591,Brenda Garcia,brenda.garcia24@hotmail.com,Docking Station,DS-125,1,149.99,2025-12-29,processing,,,"8026 Willow Way, New Orleans, LA 70112"
#91124,Amy Jones,amy.jones40@gmail.com,USB-C Hub,UCH-300,2,79.98,2026-01-11,shipped,069815355784,FedEx,"7481 Summit Ave, Honolulu, HI 96801"
#13856,Laura Hall,laura.hall35@hotmail.com,Notebook Hardcover,NB-142,3,44.97,2026-02-05,delivered,83687713030328,Amazon Logistics,"2256 Valley Rd, Salt Lake City, UT 84101"
#78446,Jack Young,jack.young59@gmail.com,Portable Monitor,PM-130,3,749.97,2026-04-18,delivered,27723216832724,Amazon Logistics,"4447 Oak Ave, St. Louis, MO 63101"
#45207,Andrew Rivera,andrew.rivera75@proton.me,Shredder,SH-137,2,179.98,2026-04-24,delivered,31866351827182,OnTrac,"1145 Lakeview Dr, Columbus, OH 43085"
#72143,George Cruz,george.cruz63@icloud.com,Laminator,LAM-138,4,159.96,2026-04-06,out_for_delivery,97425950093384,LaserShip,"8857 Washington Blvd, Portland, OR 97201"
#88111,Anna Watson,anna.watson96@proton.me,Gaming Headset,GH-123,4,479.96,2026-01-26,shipped,1Z3887645911727904,UPS,"8145 Oak Ave, Las Vegas, NV 89101"
#66143,Katherine Smith,katherine.smith61@proton.me,Cable Management Box,CMB-108,3,74.97,2026-03-11,shipped,097142307361,FedEx,"8553 Lake Dr, Indianapolis, IN 46201"
#98931,Jack Nelson,jack.nelson94@gmail.com,NVMe SSD 500GB,NVM-131,3,239.97,2025-12-28,delivered,53270355083213,Amazon Logistics,"5287 River Rd, Jacksonville, FL 32099"
#14569,Maria Hill,maria.hill14@gmail.com,Laptop Stand,LS-700,3,137.97,2026-05-02,delivered,1Z1787570321401083,UPS,"9133 Maple Dr, Albuquerque, NM 87101"
#67759,Anthony Perry,anthony.perry34@outlook.com,Whiteboard Markers Set,WMS-140,1,12.99,2026-04-14,shipped,13091695680288,Amazon Logistics,"8144 Pine Rd, Charlotte, NC 28201"
#18190,Nancy Jackson,nancy.jackson27@outlook.com,Earbuds Pro,EP-121,2,199.98,2026-01-07,delivered,81784272708468,Amazon Logistics,"262 Willow Way, Baltimore, MD 21201"
#67606,Larry Morales,larry.morales24@gmail.com,Gaming Mouse,GM-122,2,139.98,2025-12-12,shipped,1Z1600931576735784,UPS,"6917 Broadway, Corpus Christi, TX 78401"
#20814,Joseph Rivera,joseph.rivera93@hotmail.com,Drawing Tablet,DT-111,2,319.98,2026-02-08,pending,,,"1007 Forest Dr, Columbus, OH 43085"
#35394,Kimberly Rodriguez,kimberly.rodriguez34@outlook.com,Drawing Tablet,DT-111,4,639.96,2026-02-07,shipped,47096209812950,OnTrac,"5190 Hillside Rd, Phoenix, AZ 85001"
#41888,Samuel Moore,samuel.moore53@icloud.com,CPU Cooler,CC-133,4,199.96,2026-01-14,delivered,86880209476751,LaserShip,"3384 Broadway, Phoenix, AZ 85001"
#39618,Patricia Turner,patricia.turner65@gmail.com,Phone Stand,PS-107,4,59.96,2026-03-04,shipped,1Z7908405508172531,UPS,"4808 Sunset Blvd, St. Louis, MO 63101"
#69338,Catherine Wilson,catherine.wilson10@outlook.com,Smart Plug,SP-104,3,59.97,2026-03-18,out_for_delivery,17841639168903,OnTrac,"3722 Broadway, Minneapolis, MN 55401"
#34603,Mary Green,mary.green32@gmail.com,Mechanical Numpad,MN-124,2,111.98,2026-05-20,out_for_delivery,1Z6409593951006337,UPS,"2595 Washington Blvd, Aurora, CO 80010"
#83202,Deborah Reed,deborah.reed39@proton.me,Laptop Backpack,LB-117,2,159.98,2026-04-21,delivered,1Z6735238437982247,UPS,"6922 Willow Way, Arlington, TX 76001"
#73670,Amanda Hill,amanda.hill58@gmail.com,USB-C Hub,UCH-300,1,39.99,2026-03-31,shipped,74727534695360,OnTrac,"1469 Valley Rd, Miami, FL 33101"
#25023,Mark Rivera,mark.rivera19@outlook.com,LED Desk Lamp,LDL-800,2,69.98,2026-01-20,pending,,,"3740 Sunset Blvd, Baltimore, MD 21201"
#96350,Carolyn Wright,carolyn.wright53@icloud.com,Smart Bulb Pack,SBP-114,3,119.97,2025-11-22,delivered,39093786896441,Amazon Logistics,"5604 Lake Dr, Anaheim, CA 92801"
#51841,Edward Perez,edward.perez57@icloud.com,Capture Card,CC-126,3,269.97,2026-01-31,shipped,27023491375874333213,USPS,"5262 Hillside Rd, Albuquerque, NM 87101"
#41741,Ryan Jenkins,ryan.jenkins5@yahoo.com,Smartphone Gimbal,SG-129,3,329.97,2026-05-16,pending,,,"3927 Meadow Ln, Sacramento, CA 95814"
#47629,Michelle Russell,michelle.russell37@hotmail.com,Stapler Heavy Duty,SHD-139,3,74.97,2025-12-24,shipped,3395003639,DHL,"3565 Valley Rd, Honolulu, HI 96801"
#26019,Carolyn Hughes,carolyn.hughes42@hotmail.com,Smart Bulb Pack,SBP-114,1,39.99,2026-01-16,shipped,16042657691864,Amazon Logistics,"1042 Maple Dr, Kansas City, MO 64101"
#69651,Robert James,robert.james40@yahoo.com,Green Screen,GS-127,1,45.99,2025-12-12,shipped,38138172179685,LaserShip,"5823 Summit Ave, Jacksonville, FL 32099"
#99810,Carol Murphy,carol.murphy78@outlook.com,Gaming Headset,GH-123,2,239.98,2026-03-02,out_for_delivery,83009184153514,LaserShip,"9177 Washington Blvd, Anaheim, CA 92801"
#92195,Jacob Morales,jacob.morales96@proton.me,Planner 2026,PL-141,3,59.97,2026-05-09,shipped,5160928470,DHL,"7768 Maple Dr, St. Louis, MO 63101"
#26635,Charles Fisher,charles.fisher55@proton.me,RAM 16GB DDR4,RAM-132,3,179.97,2026-04-17,processing,,,"1032 River Rd, Salt Lake City, UT 84101"
#80173,Joshua Torres,joshua.torres80@gmail.com,Bluetooth Speaker,BS-106,3,209.97,2026-03-25,delivered,1Z1541105333200175,UPS,"1208 Maple Dr, Charlotte, NC 28201"
#53209,Jennifer Roberts,jennifer.roberts69@icloud.com,Drawing Tablet,DT-111,3,479.97,2026-04-12,shipped,148170247197,FedEx,"2686 Maple Dr, El Paso, TX 79901"
#85132,Justin Collins,justin.collins3@outlook.com,Mechanical Keyboard,MK-200,4,359.96,2026-02-18,delivered,67522854864549,LaserShip,"7442 River Rd, San Diego, CA 92101"
#76968,Michelle Price,michelle.price40@gmail.com,Smart Bulb Pack,SBP-114,4,159.96,2026-02-27,out_for_delivery,86862523902211,LaserShip,"3309 Lake Dr, Corpus Christi, TX 78401"
#78787,Janet Perry,janet.perry45@hotmail.com,Whiteboard Markers Set,WMS-140,2,25.98,2026-04-30,pending,,,"1698 Lake Dr, Austin, TX 73301"
#92618,David Butler,david.butler72@proton.me,Smart Plug,SP-104,4,79.96,2026-04-07,shipped,2603477701,DHL,"7813 Summit Ave, Dallas, TX 75201"
#44149,Maria Miller,maria.miller99@gmail.com,Surge Protector,SP2-135,2,65.98,2025-11-28,delivered,713875658857,FedEx,"7211 Washington Blvd, Jacksonville, FL 32099"
#68358,Karen Rivera,karen.rivera43@gmail.com,Planner 2026,PL-141,2,39.98,2026-04-28,shipped,21463390154902,Amazon Logistics,"8636 Highland Ave, Baltimore, MD 21201"
#48682,Emily Nguyen,emily.nguyen1@hotmail.com,Smartphone Gimbal,SG-129,3,329.97,2026-03-09,processing,,,"9615 Cedar Ln, Richmond, VA 23218"
#94307,Amanda Stewart,amanda.stewart88@proton.me,Notebook Hardcover,NB-142,2,29.98,2026-04-20,processing,,,"8384 Elm St, Memphis, TN 38101"
#63214,Benjamin Brown,benjamin.brown27@hotmail.com,Tripod Stand,TS-128,3,119.97,2025-12-06,delivered,21609834854772,LaserShip,"163 Valley Rd, San Francisco, CA 94101"
#63632,Eric Clark,eric.clark3@yahoo.com,Bluetooth Speaker,BS-106,4,279.96,2026-01-14,processing,,,"8761 Valley Rd, Seattle, WA 98101"
#51510,Betty Jones,betty.jones16@outlook.com,4K Webcam,4KW-112,3,449.97,2026-02-17,delivered,767155289687,FedEx,"7885 Forest Dr, Salt Lake City, UT 84101"
#72916,Helen Edwards,helen.edwards97@outlook.com,CPU Cooler,CC-133,3,149.97,2026-01-05,processing,,,"6675 Valley Rd, Las Vegas, NV 89101"
#33784,Carolyn Long,carolyn.long78@icloud.com,Label Maker,LM-136,2,89.98,2026-04-30,delivered,1Z7351373164065647,UPS,"4670 Highland Ave, Arlington, TX 76001"
#31750,Alexander Green,alexander.green78@outlook.com,Green Screen,GS-127,4,183.96,2026-03-07,delivered,13675852305102,Amazon Logistics,"8387 Cedar Ln, Cincinnati, OH 45201"
#75557,Brandon Davis,brandon.davis80@gmail.com,Portable Monitor,PM-130,4,999.96,2026-01-19,delivered,1Z2317315183360714,UPS,"3939 Oak Ave, Anaheim, CA 92801"
#42689,Melissa Phillips,melissa.phillips35@gmail.com,Earbuds Pro,EP-121,3,299.97,2026-04-29,delivered,0377887984,DHL,"3050 Broadway, Tampa, FL 33601"
#22681,Kathleen Nguyen,kathleen.nguyen44@hotmail.com,Ergonomic Chair,EC-900,3,899.97,2026-04-19,returned,2533264107,DHL,"2139 Willow Way, Springfield, IL 62701"
#42083,Amanda Lee,amanda.lee72@hotmail.com,Ring Light 10inch,RL-105,2,99.98,2026-03-14,shipped,5412174106,DHL,"1163 Meadow Ln, San Diego, CA 92101"
#84005,Maria Morales,maria.morales63@outlook.com,Gaming Mouse,GM-122,4,279.96,2026-01-03,processing,,,"9221 Summit Ave, Cleveland, OH 44101"
#89714,Emily Clark,emily.clark78@hotmail.com,CPU Cooler,CC-133,1,49.99,2025-12-19,delivered,1Z4007116043652662,UPS,"7282 Lakeview Dr, Salt Lake City, UT 84101"
#82312,Kenneth Henderson,kenneth.henderson16@yahoo.com,Monitor Stand,MS-400,4,239.96,2026-02-07,delivered,960332471460,FedEx,"5734 Summit Ave, Louisville, KY 40201"
#90982,Deborah Henderson,deborah.henderson86@proton.me,Smartphone Gimbal,SG-129,4,439.96,2026-03-13,cancelled,,,"5595 Maple Dr, Albuquerque, NM 87101"
#27060,Shirley Gutierrez,shirley.gutierrez27@proton.me,Earbuds Pro,EP-121,1,99.99,2026-02-07,delivered,7664208500,DHL,"2338 River Rd, New Orleans, LA 70112"
#66779,Angela Johnson,angela.johnson41@gmail.com,Planner 2026,PL-141,1,19.99,2026-01-20,processing,,,"6103 Sunset Blvd, Denver, CO 80201"
#22826,Anthony Green,anthony.green64@hotmail.com,Docking Station,DS-125,1,149.99,2026-03-15,delivered,88477824108861,LaserShip,"961 Forest Dr, Chicago, IL 60601"
#23718,Emma Lewis,emma.lewis11@icloud.com,LED Desk Lamp,LDL-800,2,69.98,2026-03-26,shipped,1Z7637551036718790,UPS,"3972 Washington Blvd, Miami, FL 33101"
#46799,Richard Roberts,richard.roberts29@hotmail.com,Ergonomic Chair,EC-900,1,299.99,2026-05-08,delivered,0844686799,DHL,"9036 Elm St, Kansas City, MO 64101"
#60676,Emma Cruz,emma.cruz95@outlook.com,Power Bank 20000mAh,PB-118,3,149.97,2025-12-10,delivered,00060298557393,LaserShip,"2999 Summit Ave, San Francisco, CA 94101"
#31313,Amy Ortiz,amy.ortiz87@yahoo.com,Power Bank 20000mAh,PB-118,1,49.99,2026-04-16,shipped,49861408969073,Amazon Logistics,"7520 Main St, Memphis, TN 38101"
#88778,Joseph Collins,joseph.collins45@hotmail.com,Stapler Heavy Duty,SHD-139,1,24.99,2026-04-20,shipped,8451858707,DHL,"7970 Cedar Ln, Denver, CO 80201"
#31664,David Reed,david.reed49@outlook.com,Wireless Mouse,WM-100,1,49.99,2026-01-16,shipped,13693773204967,Amazon Logistics,"7647 Valley Rd, Dallas, TX 75201"
#52113,Maria Lewis,maria.lewis12@outlook.com,Notebook Hardcover,NB-142,4,59.96,2026-02-24,pending,,,"1035 Broadway, Arlington, TX 76001"
#44981,Jessica Gray,jessica.gray46@hotmail.com,Capture Card,CC-126,2,179.98,2026-05-05,out_for_delivery,83959690770178,Amazon Logistics,"2408 Washington Blvd, Kansas City, MO 64101"
#71328,Michael Richardson,michael.richardson15@yahoo.com,Shredder,SH-137,1,89.99,2026-03-31,delivered,1Z6750826270369465,UPS,"3597 Maple Dr, Los Angeles, CA 90001"
#50560,Melissa Ward,melissa.ward41@yahoo.com,Ring Light 10inch,RL-105,3,149.97,2026-01-06,processing,,,"6453 River Rd, Miami, FL 33101"
#89638,Carolyn Adams,carolyn.adams19@outlook.com,Wireless Charger,WCH-103,2,59.98,2026-04-21,delivered,44199949210148,Amazon Logistics,"4529 Maple Dr, Aurora, CO 80010"
#63151,Jerry King,jerry.king20@icloud.com,Noise Cancelling Headphones,NCH-600,1,129.99,2026-04-04,shipped,1Z0065910909267132,UPS,"1407 Sunset Blvd, Denver, CO 80201"
#71341,Jeffrey Martin,jeffrey.martin19@proton.me,Earbuds Pro,EP-121,4,399.96,2026-02-03,delivered,61848488504154,Amazon Logistics,"1826 Lake Dr, Raleigh, NC 27601"
#75992,Heather Nguyen,heather.nguyen69@gmail.com,Wireless Charger,WCH-103,2,59.98,2026-02-07,delivered,36922351823800,Amazon Logistics,"2408 Sunset Blvd, Cleveland, OH 44101"
#29011,Jason Brooks,jason.brooks51@outlook.com,Ergonomic Chair,EC-900,4,1199.96,2026-05-04,shipped,21842526750730,OnTrac,"3164 Oak Ave, Nashville, TN 37201"
#62497,Jacob Brown,jacob.brown34@icloud.com,Power Bank 20000mAh,PB-118,2,99.98,2026-04-09,delivered,1Z7083806848807225,UPS,"3009 Hillside Rd, New Orleans, LA 70112"
#53288,Frank Clark,frank.clark84@gmail.com,Smart Bulb Pack,SBP-114,4,159.96,2026-01-24,delivered,27664413449985,Amazon Logistics,"6617 Meadow Ln, Houston, TX 77001"
#32808,Alexander Thompson,alexander.thompson13@hotmail.com,Laminator,LAM-138,1,39.99,2025-12-16,out_for_delivery,79627974930475,OnTrac,"9818 Forest Dr, Arlington, TX 76001"
#50888,Jennifer Gomez,jennifer.gomez47@hotmail.com,LED Desk Lamp,LDL-800,1,34.99,2026-04-05,shipped,652476602158,FedEx,"5824 Meadow Ln, Bakersfield, CA 93301"
#19324,George Bennett,george.bennett45@yahoo.com,Ergonomic Chair,EC-900,3,899.97,2026-04-03,shipped,17455288046388,OnTrac,"5012 Forest Dr, Anaheim, CA 92801"
#54245,Gary Hall,gary.hall72@outlook.com,USB-C Hub,UCH-300,1,39.99,2026-03-26,processing,,,"4588 Elm St, Anaheim, CA 92801"
#21344,Maria Smith,maria.smith55@icloud.com,Shredder,SH-137,4,359.96,2026-04-16,delivered,05735289987929931117,USPS,"4693 Elm St, San Francisco, CA 94101"
#90923,Alexander Young,alexander.young77@icloud.com,Smart Plug,SP-104,3,59.97,2026-03-29,processing,,,"3954 Hillside Rd, Los Angeles, CA 90001"
#79538,Pamela Russell,pamela.russell8@gmail.com,Shredder,SH-137,4,359.96,2025-11-29,shipped,490887719540,FedEx,"6802 Summit Ave, Denver, CO 80201"
#55429,David Bailey,david.bailey96@proton.me,USB-C Hub,UCH-300,3,119.97,2026-02-13,delivered,1Z0725034540656903,UPS,"9429 Highland Ave, Cleveland, OH 44101"
#37018,Jennifer Jackson,jennifer.jackson1@hotmail.com,Smart Plug,SP-104,1,19.99,2025-12-27,shipped,3516404400,DHL,"3190 Meadow Ln, Portland, OR 97201"
#55719,Dorothy Rivera,dorothy.rivera37@proton.me,RAM 16GB DDR4,RAM-132,1,59.99,2026-03-21,delivered,41702478458281,LaserShip,"737 Summit Ave, Corpus Christi, TX 78401"
#45667,Timothy Perez,timothy.perez26@gmail.com,Capture Card,CC-126,2,179.98,2025-12-12,out_for_delivery,539982097310,FedEx,"5729 Forest Dr, Phoenix, AZ 85001"
#90021,Rachel Gray,rachel.gray11@gmail.com,NVMe SSD 500GB,NVM-131,1,79.99,2026-03-31,shipped,065816037796,FedEx,"1819 Summit Ave, Denver, CO 80201"
#89448,Stephanie Lee,stephanie.lee9@gmail.com,Capture Card,CC-126,1,89.99,2026-03-28,delivered,2710022550,DHL,"7152 Sunset Blvd, Tampa, FL 33601"
#54606,Joshua Carter,joshua.carter59@proton.me,Desk Organizer,DO-116,1,27.99,2026-01-24,pending,,,"5195 Cedar Ln, Chicago, IL 60601"
#12472,Christopher Russell,christopher.russell36@gmail.com,Gaming Mouse,GM-122,2,139.98,2026-05-18,shipped,6028458332,DHL,"3669 Forest Dr, Tampa, FL 33601"
#95771,Eric Cook,eric.cook69@yahoo.com,Gaming Headset,GH-123,1,119.99,2026-04-25,processing,,,"4679 Meadow Ln, Corpus Christi, TX 78401"
#64239,Jacob Lewis,jacob.lewis49@yahoo.com,Ergonomic Chair,EC-900,2,599.98,2026-01-18,delivered,31335174426372,OnTrac,"1913 Broadway, Honolulu, HI 96801"
#44474,Mark Morris,mark.morris22@outlook.com,RAM 16GB DDR4,RAM-132,3,179.97,2026-04-26,delivered,27155509578801,OnTrac,"865 Oak Ave, Anaheim, CA 92801"
#69841,Mark Jenkins,mark.jenkins87@icloud.com,Mechanical Numpad,MN-124,2,111.98,2026-02-10,delivered,58089256070941,Amazon Logistics,"2574 Broadway, San Jose, CA 95101"
#39056,Katherine James,katherine.james12@proton.me,Notebook Hardcover,NB-142,3,44.97,2025-12-03,delivered,9686556345,DHL,"6318 Washington Blvd, Atlanta, GA 30301"
#64604,Kevin Smith,kevin.smith27@gmail.com,LED Desk Lamp,LDL-800,4,139.96,2026-03-06,delivered,63934680055716,Amazon Logistics,"1161 Main St, Cincinnati, OH 45201"
#91551,Kimberly Wilson,kimberly.wilson80@proton.me,Capture Card,CC-126,3,269.97,2026-04-23,delivered,874185383232,FedEx,"1225 Pine Rd, Charlotte, NC 28201"
#29231,Steven Ward,steven.ward92@yahoo.com,Shredder,SH-137,3,269.97,2026-01-02,processing,,,"9116 Lake Dr, San Diego, CA 92101"
#14782,Alexander Stewart,alexander.stewart18@proton.me,Smartwatch,SW-119,2,399.98,2026-04-09,shipped,1Z3304492760578280,UPS,"9478 Sunset Blvd, Honolulu, HI 96801"
#99315,Pamela Moore,pamela.moore42@hotmail.com,Phone Stand,PS-107,2,29.98,2025-12-14,processing,,,"800 Meadow Ln, Springfield, IL 62701"
#58609,Emily Gonzalez,emily.gonzalez36@proton.me,Stapler Heavy Duty,SHD-139,3,74.97,2025-12-28,shipped,10047113818376,LaserShip,"1708 Valley Rd, Seattle, WA 98101"
#58000,Charles Lee,charles.lee20@hotmail.com,Desk Organizer,DO-116,2,55.98,2025-11-26,processing,,,"7586 Valley Rd, Las Vegas, NV 89101"
#70241,Thomas Reyes,thomas.reyes58@icloud.com,Laptop Stand,LS-700,4,183.96,2026-05-07,delivered,8805078063,DHL,"1402 Elm St, Baltimore, MD 21201"
#62930,Raymond Howard,raymond.howard83@outlook.com,NVMe SSD 500GB,NVM-131,3,239.97,2025-11-27,delivered,92374495315705,Amazon Logistics,"3540 Oak Ave, Kansas City, MO 64101"
#10317,Sandra Foster,sandra.foster5@yahoo.com,Mechanical Keyboard,MK-200,1,89.99,2026-04-12,shipped,1Z5726175836110675,UPS,"9743 Summit Ave, New Orleans, LA 70112"
#85055,Karen Bell,karen.bell64@hotmail.com,Drawing Tablet,DT-111,2,319.98,2025-12-23,processing,,,"2649 Willow Way, Baltimore, MD 21201"
#97613,Matthew Henderson,matthew.henderson19@gmail.com,Power Bank 20000mAh,PB-118,3,149.97,2025-12-23,delivered,97418994826235,Amazon Logistics,"6236 Forest Dr, Kansas City, MO 64101"
#70563,Daniel Williams,daniel.williams20@hotmail.com,Noise Cancelling Headphones,NCH-600,3,389.97,2026-05-20,delivered,5564168981,DHL,"887 Main St, Louisville, KY 40201"
#39300,Anthony Russell,anthony.russell12@proton.me,Gaming Headset,GH-123,2,239.98,2025-11-22,delivered,155507344602,FedEx,"5127 Elm St, Portland, OR 97201"
#76695,Samuel Nguyen,samuel.nguyen72@proton.me,Phone Stand,PS-107,4,59.96,2026-01-23,out_for_delivery,1Z2504822863679795,UPS,"6203 Lake Dr, San Francisco, CA 94101"
#31492,Sharon Cruz,sharon.cruz4@yahoo.com,Surge Protector,SP2-135,3,98.97,2026-05-08,out_for_delivery,32295093418516301312,USPS,"7636 Pine Rd, New Orleans, LA 70112"
#23189,Laura Davis,laura.davis48@proton.me,Monitor Stand,MS-400,4,239.96,2025-11-25,shipped,89674693329674,OnTrac,"4950 Hillside Rd, Detroit, MI 48201"
#57649,Matthew Rogers,matthew.rogers1@icloud.com,Ergonomic Chair,EC-900,4,1199.96,2026-05-01,shipped,9624239681,DHL,"2108 Park Ave, Nashville, TN 37201"
#29908,Edward Morgan,edward.morgan91@icloud.com,4K Webcam,4KW-112,4,599.96,2025-12-03,delivered,84734579337198,LaserShip,"2623 Park Ave, Columbus, OH 43085"
#51919,George Wright,george.wright62@outlook.com,USB-C Hub,UCH-300,3,119.97,2026-03-18,shipped,83570730389341,Amazon Logistics,"7010 Washington Blvd, Omaha, NE 68101"
#26406,Eric Barnes,eric.barnes44@proton.me,Webcam HD 1080p,WC-500,1,79.99,2026-04-06,delivered,92685982793070,LaserShip,"8595 Park Ave, Boston, MA 02101"
#10921,Melissa Brooks,melissa.brooks41@hotmail.com,Gaming Headset,GH-123,3,359.97,2026-01-10,shipped,1Z6047727333830702,UPS,"6176 Lakeview Dr, Las Vegas, NV 89101"
#65731,Joshua Foster,joshua.foster11@yahoo.com,Laptop Stand,LS-700,2,91.98,2025-11-23,out_for_delivery,1Z7298572426748145,UPS,"9783 Pine Rd, Chicago, IL 60601"
#56477,Stephen James,stephen.james7@hotmail.com,Monitor Stand,MS-400,3,179.97,2026-01-27,delivered,45008489116024,OnTrac,"2910 River Rd, Albuquerque, NM 87101"
#10695,Joshua Moore,joshua.moore43@yahoo.com,USB-C Hub,UCH-300,4,159.96,2026-03-10,processing,,,"3787 Meadow Ln, Cleveland, OH 44101"
#75802,Frank Lee,frank.lee14@yahoo.com,Surge Protector,SP2-135,1,32.99,2026-01-23,returned,35812602823285,Amazon Logistics,"6327 Summit Ave, New Orleans, LA 70112"
#73587,Carol Phillips,carol.phillips37@proton.me,CPU Cooler,CC-133,3,149.97,2026-03-23,shipped,25765819626286,OnTrac,"7473 Valley Rd, Kansas City, MO 64101"
#46058,Ryan Wright,ryan.wright72@icloud.com,Mechanical Keyboard,MK-200,1,89.99,2026-02-08,shipped,1Z2274922507803912,UPS,"473 Broadway, Louisville, KY 40201"
#99875,Mary Gomez,mary.gomez35@yahoo.com,Ring Light 10inch,RL-105,2,99.98,2026-03-08,delivered,1Z1202455108394489,UPS,"6788 Meadow Ln, San Francisco, CA 94101"
#72051,Jeffrey Wright,jeffrey.wright8@icloud.com,Gaming Mouse,GM-122,2,139.98,2026-01-09,shipped,15923213830748,Amazon Logistics,"4951 Elm St, Dallas, TX 75201"
#24523,Susan Long,susan.long97@hotmail.com,Smart Plug,SP-104,1,19.99,2026-04-24,delivered,1Z5253772107566622,UPS,"2231 Broadway, Portland, OR 97201"
#54183,Matthew Phillips,matthew.phillips91@yahoo.com,Green Screen,GS-127,2,91.98,2026-05-19,returned,195468154166,FedEx,"9027 Elm St, Las Vegas, NV 89101"
#11205,Cynthia Cox,cynthia.cox99@hotmail.com,Wireless Charger,WCH-103,1,29.99,2025-12-06,shipped,1Z1359032768951413,UPS,"1009 Main St, Las Vegas, NV 89101"
#24545,Ronald Campbell,ronald.campbell50@yahoo.com,USB Microphone,UM-110,4,359.96,2026-01-12,out_for_delivery,915648433321,FedEx,"8015 Sunset Blvd, Charlotte, NC 28201"
#67377,Sharon Rogers,sharon.rogers41@icloud.com,Standing Desk Mat,SDM-101,2,111.98,2025-12-28,delivered,901415781747,FedEx,"1699 Hillside Rd, Jacksonville, FL 32099"
#22608,Kenneth Clark,kenneth.clark36@gmail.com,Webcam HD 1080p,WC-500,1,79.99,2026-02-01,returned,49291928609303,OnTrac,"9490 Broadway, Cleveland, OH 44101"
#70315,Timothy Mitchell,timothy.mitchell43@hotmail.com,Drawing Tablet,DT-111,4,639.96,2025-12-05,shipped,1675149192,DHL,"2583 Broadway, Columbus, OH 43085"
#59965,Jessica Hughes,jessica.hughes97@yahoo.com,Surge Protector,SP2-135,2,65.98,2025-12-31,delivered,71169655602495148211,USPS,"6998 Valley Rd, Bakersfield, CA 93301"
#53269,Samantha Perry,samantha.perry48@outlook.com,Stapler Heavy Duty,SHD-139,3,74.97,2026-03-26,delivered,60592510633818772858,USPS,"1821 Cedar Ln, Jacksonville, FL 32099"
#41715,Michelle Lopez,michelle.lopez14@gmail.com,Wireless Charger,WCH-103,4,119.96,2026-02-07,shipped,43166378846845,Amazon Logistics,"8835 Oak Ave, San Diego, CA 92101"
#90951,Amy Howard,amy.howard55@gmail.com,Laminator,LAM-138,2,79.98,2026-02-15,shipped,08478423552475,LaserShip,"4161 Hillside Rd, Phoenix, AZ 85001"
#64995,Amy Carter,amy.carter60@gmail.com,Wireless Charger,WCH-103,2,59.98,2025-12-16,delivered,1Z6536950934557252,UPS,"7997 Lake Dr, Honolulu, HI 96801"
#87640,Barbara Harris,barbara.harris14@proton.me,Surge Protector,SP2-135,3,98.97,2026-04-15,delivered,52783729555238,OnTrac,"2217 Maple Dr, Salt Lake City, UT 84101"
#78282,Nicholas Harris,nicholas.harris45@yahoo.com,Ring Light 10inch,RL-105,4,199.96,2026-03-26,out_for_delivery,1Z6619942621437932,UPS,"1953 Meadow Ln, Richmond, VA 23218"
#65984,Angela Foster,angela.foster17@icloud.com,Webcam HD 1080p,WC-500,4,319.96,2026-03-20,delivered,79238335634982,OnTrac,"8908 Summit Ave, Denver, CO 80201"
#68726,Laura Sanders,laura.sanders28@hotmail.com,Shredder,SH-137,3,269.97,2026-05-12,pending,,,"8878 Pine Rd, Richmond, VA 23218"
#39288,Catherine Young,catherine.young69@hotmail.com,RAM 16GB DDR4,RAM-132,2,119.98,2025-11-28,shipped,28440692513824042212,USPS,"7246 Oak Ave, Tampa, FL 33601"
#37482,Steven Martinez,steven.martinez7@gmail.com,Wireless Charger,WCH-103,1,29.99,2026-04-08,pending,,,"714 Hillside Rd, Miami, FL 33101"
#47836,Donna Lopez,donna.lopez83@hotmail.com,4K Webcam,4KW-112,4,599.96,2026-02-25,delivered,92807223075050,Amazon Logistics,"5894 Willow Way, Detroit, MI 48201"
#91313,Gregory Reed,gregory.reed78@icloud.com,Tripod Stand,TS-128,4,159.96,2026-01-12,processing,,,"548 Lake Dr, Bakersfield, CA 93301"
#95936,Shirley Barnes,shirley.barnes44@hotmail.com,Standing Desk Mat,SDM-101,4,223.96,2026-01-14,delivered,778631837283,FedEx,"3080 Elm St, Tucson, AZ 85701"
#72084,Joshua Hill,joshua.hill9@icloud.com,Bluetooth Speaker,BS-106,2,139.98,2026-03-01,delivered,54881579092146,LaserShip,"1242 Maple Dr, Detroit, MI 48201"
#53946,Margaret Hernandez,margaret.hernandez98@hotmail.com,Surge Protector,SP2-135,1,32.99,2026-02-25,delivered,9909828129,DHL,"5573 Lakeview Dr, Salt Lake City, UT 84101"
#38671,Rebecca Ross,rebecca.ross42@icloud.com,USB-C Hub,UCH-300,4,159.96,2025-12-15,shipped,019072986286,FedEx,"9912 Park Ave, San Jose, CA 95101"
#34814,Margaret Martinez,margaret.martinez31@outlook.com,Portable Monitor,PM-130,2,499.98,2026-02-12,delivered,23125021920209,OnTrac,"4542 Cedar Ln, Richmond, VA 23218"
#41822,Lisa Jackson,lisa.jackson33@icloud.com,Shredder,SH-137,4,359.96,2026-03-15,returned,1Z3234949473724004,UPS,"3989 Valley Rd, Denver, CO 80201"
#95345,Mark Baker,mark.baker75@yahoo.com,Drawing Tablet,DT-111,4,639.96,2025-12-30,delivered,1Z3775418429265698,UPS,"9589 Park Ave, Albuquerque, NM 87101"
#81011,Michelle Brooks,michelle.brooks22@gmail.com,Standing Desk Mat,SDM-101,3,167.97,2026-01-24,shipped,3616269567,DHL,"890 Sunset Blvd, Atlanta, GA 30301"
#46794,Ashley Ramirez,ashley.ramirez52@proton.me,Whiteboard Markers Set,WMS-140,1,12.99,2026-04-09,shipped,529427647510,FedEx,"9287 Lakeview Dr, San Francisco, CA 94101"
#52893,Charles Campbell,charles.campbell95@hotmail.com,LED Desk Lamp,LDL-800,4,139.96,2026-04-23,delivered,37547545019329,OnTrac,"5872 Broadway, Dallas, TX 75201"
#31954,Jennifer Richardson,jennifer.richardson6@icloud.com,Smart Plug,SP-104,4,79.96,2026-04-09,delivered,37456221957098,LaserShip,"1371 Elm St, Arlington, TX 76001"
#36591,Michelle Perez,michelle.perez46@icloud.com,Green Screen,GS-127,1,45.99,2026-01-13,delivered,38738643695067,Amazon Logistics,"8406 Broadway, Miami, FL 33101"
#58573,Steven Perry,steven.perry13@proton.me,Mechanical Numpad,MN-124,2,111.98,2026-03-28,delivered,98967640351174,LaserShip,"9067 Park Ave, Cleveland, OH 44101"
#13724,Elizabeth Young,elizabeth.young52@outlook.com,Smart Bulb Pack,SBP-114,4,159.96,2026-02-08,delivered,56506749671341,Amazon Logistics,"3547 Hillside Rd, Columbus, OH 43085"
#14973,Joshua Butler,joshua.butler93@outlook.com,Cable Management Box,CMB-108,3,74.97,2026-01-10,processing,,,"5570 Broadway, Arlington, TX 76001"
#98586,Sarah Carter,sarah.carter91@hotmail.com,CPU Cooler,CC-133,2,99.98,2026-03-06,pending,,,"2064 Broadway, Philadelphia, PA 19101"
#90980,Jerry Thompson,jerry.thompson93@outlook.com,Smart Bulb Pack,SBP-114,1,39.99,2026-03-23,processing,,,"7700 Highland Ave, Jacksonville, FL 32099"
#21680,Alexander Rodriguez,alexander.rodriguez37@icloud.com,Earbuds Pro,EP-121,3,299.97,2026-01-28,shipped,16970390221401,Amazon Logistics,"4019 Forest Dr, New Orleans, LA 70112"
#96457,Jack Cooper,jack.cooper86@gmail.com,Gaming Headset,GH-123,4,479.96,2026-05-10,processing,,,"2702 Lake Dr, Austin, TX 73301"
#17302,Benjamin Foster,benjamin.foster76@gmail.com,Drawing Tablet,DT-111,2,319.98,2026-05-03,delivered,974421546718,FedEx,"7360 Oak Ave, Seattle, WA 98101"
#88737,Frank Kelly,frank.kelly11@hotmail.com,Surge Protector,SP2-135,1,32.99,2025-12-15,delivered,0112880571,DHL,"1836 Summit Ave, Tampa, FL 33601"
#19831,Carol Robinson,carol.robinson80@proton.me,Cable Organizer Kit,COK-134,2,35.98,2026-02-18,cancelled,,,"9479 Valley Rd, El Paso, TX 79901"
#81040,Margaret Howard,margaret.howard44@icloud.com,Laptop Backpack,LB-117,4,319.96,2026-03-30,delivered,50447669325721,LaserShip,"5838 Sunset Blvd, Philadelphia, PA 19101"
#13406,Kathleen Ortiz,kathleen.ortiz71@icloud.com,Ring Light 10inch,RL-105,4,199.96,2026-04-01,delivered,8877558007,DHL,"2101 Park Ave, Miami, FL 33101"
#93741,John Rodriguez,john.rodriguez7@proton.me,Wireless Charger,WCH-103,2,59.98,2026-01-30,pending,,,"4470 Lake Dr, Tampa, FL 33601"
#93742,Kenneth Allen,kenneth.allen34@hotmail.com,Air Purifier,AP-115,1,129.99,2026-05-13,delivered,87402645654909,LaserShip,"3697 Valley Rd, Bakersfield, CA 93301"
#48919,Laura White,laura.white14@outlook.com,Mechanical Keyboard,MK-200,1,89.99,2026-04-21,delivered,1Z9770443816759190,UPS,"3447 Hillside Rd, Denver, CO 80201"
#60436,Brian Turner,brian.turner51@hotmail.com,Portable SSD 1TB,SSD-102,2,219.98,2026-03-24,returned,26589286285191,OnTrac,"791 Cedar Ln, Springfield, IL 62701"
#66746,Patrick Thompson,patrick.thompson93@icloud.com,Laptop Backpack,LB-117,2,159.98,2025-12-31,shipped,68331655785611,Amazon Logistics,"8082 Washington Blvd, Oklahoma City, OK 73101"
#88639,Donald Campbell,donald.campbell19@outlook.com,Standing Desk Mat,SDM-101,1,55.99,2026-04-08,shipped,1Z1734727504205232,UPS,"9706 Broadway, Minneapolis, MN 55401"
#50488,Gary Davis,gary.davis29@proton.me,NVMe SSD 500GB,NVM-131,1,79.99,2026-04-21,delivered,65708840907738,Amazon Logistics,"4082 Forest Dr, Memphis, TN 38101"
#51923,Helen Myers,helen.myers2@hotmail.com,Capture Card,CC-126,1,89.99,2026-05-21,out_for_delivery,3796683189,DHL,"2450 Maple Dr, Honolulu, HI 96801"
#48436,Kevin Phillips,kevin.phillips76@outlook.com,USB Microphone,UM-110,2,179.98,2025-12-01,shipped,1371567558,DHL,"9169 Cedar Ln, Denver, CO 80201"
#97459,Melissa Scott,melissa.scott75@outlook.com,Smartphone Gimbal,SG-129,1,109.99,2026-05-07,delivered,96742865700864383668,USPS,"8331 Hillside Rd, Indianapolis, IN 46201"
#18763,Emma White,emma.white70@gmail.com,Power Bank 20000mAh,PB-118,2,99.98,2026-01-11,delivered,553743729999,FedEx,"3412 Park Ave, Memphis, TN 38101"
#61865,Jessica Campbell,jessica.campbell57@gmail.com,Surge Protector,SP2-135,1,32.99,2026-02-20,out_for_delivery,80853799029892711033,USPS,"9407 Elm St, Phoenix, AZ 85001"
#44716,Brian Smith,brian.smith56@yahoo.com,Surge Protector,SP2-135,1,32.99,2025-12-11,pending,,,"2462 Elm St, Anaheim, CA 92801"
#35402,Raymond Allen,raymond.allen40@gmail.com,Drawing Tablet,DT-111,3,479.97,2025-12-23,shipped,985220738365,FedEx,"727 Park Ave, New Orleans, LA 70112"
#95458,Nicole Watson,nicole.watson57@proton.me,4K Webcam,4KW-112,3,449.97,2026-02-07,delivered,1Z0305460138620704,UPS,"5363 Oak Ave, Columbus, OH 43085"
#17151,Kathleen Richardson,kathleen.richardson83@icloud.com,Portable Monitor,PM-130,1,249.99,2026-01-08,delivered,31236793937290248800,USPS,"8965 Valley Rd, Philadelphia, PA 19101"
#87176,Cynthia Stewart,cynthia.stewart64@icloud.com,Label Maker,LM-136,4,179.96,2026-02-04,delivered,832344407656,FedEx,"4709 Highland Ave, San Diego, CA 92101"
#22382,Elizabeth Phillips,elizabeth.phillips84@yahoo.com,Noise Cancelling Headphones,NCH-600,1,129.99,2026-01-10,pending,,,"9129 Park Ave, Louisville, KY 40201"
#44101,Gary Morris,gary.morris29@icloud.com,Webcam HD 1080p,WC-500,4,319.96,2026-02-13,processing,,,"8807 Cedar Ln, Baltimore, MD 21201"
#68168,Katherine Ross,katherine.ross46@proton.me,Mini Projector,MP-113,2,399.98,2026-05-12,shipped,23079357798902,LaserShip,"2118 Oak Ave, Jacksonville, FL 32099"
#45724,Jack Jackson,jack.jackson99@outlook.com,Standing Desk Mat,SDM-101,2,111.98,2026-05-15,shipped,07123120588971435747,USPS,"9601 Highland Ave, Jacksonville, FL 32099"
#39950,Jason Martin,jason.martin4@proton.me,Cable Organizer Kit,COK-134,2,35.98,2026-02-09,shipped,845708283088,FedEx,"8727 Sunset Blvd, Salt Lake City, UT 84101"
#77798,Benjamin Powell,benjamin.powell79@yahoo.com,Docking Station,DS-125,2,299.98,2026-01-13,shipped,45099498864737,OnTrac,"2884 Main St, Anaheim, CA 92801"
#21353,Ronald Young,ronald.young42@gmail.com,Fitness Tracker,FT-120,1,89.99,2026-02-18,out_for_delivery,96093918279666928977,USPS,"6585 Willow Way, Louisville, KY 40201"
#99433,Nicholas Collins,nicholas.collins38@icloud.com,NVMe SSD 500GB,NVM-131,3,239.97,2026-03-08,shipped,58085888999853,Amazon Logistics,"4871 Valley Rd, Houston, TX 77001"
#21486,Jennifer Williams,jennifer.williams89@hotmail.com,Stapler Heavy Duty,SHD-139,1,24.99,2026-04-29,out_for_delivery,97941697194593,Amazon Logistics,"3979 Cedar Ln, Phoenix, AZ 85001"
#89949,Emma Diaz,emma.diaz10@icloud.com,LED Desk Lamp,LDL-800,4,139.96,2026-05-03,delivered,5340989686,DHL,"4898 Valley Rd, St. Louis, MO 63101"
#42610,Paul Taylor,paul.taylor24@yahoo.com,Green Screen,GS-127,2,91.98,2026-03-07,pending,,,"2878 Highland Ave, Anaheim, CA 92801"
#31776,Karen Bell,karen.bell61@hotmail.com,Ring Light 10inch,RL-105,2,99.98,2026-04-15,shipped,77906608564336,LaserShip,"1546 Cedar Ln, Nashville, TN 37201"
#11002,Thomas Price,thomas.price56@hotmail.com,Standing Desk Mat,SDM-101,3,167.97,2025-11-23,delivered,20213206179033,OnTrac,"8276 Elm St, Indianapolis, IN 46201"
#17796,Nancy Murphy,nancy.murphy13@yahoo.com,Bluetooth Speaker,BS-106,3,209.97,2026-01-29,delivered,1Z2875517744339237,UPS,"4409 Elm St, Chicago, IL 60601"
#44281,Laura Johnson,laura.johnson33@yahoo.com,LED Desk Lamp,LDL-800,1,34.99,2026-02-27,shipped,55549700094374,Amazon Logistics,"5240 Washington Blvd, Omaha, NE 68101"
#93925,Jeffrey Young,jeffrey.young94@yahoo.com,USB-C Hub,UCH-300,1,39.99,2026-05-04,out_for_delivery,89779894215256,Amazon Logistics,"3379 Lakeview Dr, Albuquerque, NM 87101"
#25216,Timothy Morgan,timothy.morgan16@proton.me,4K Webcam,4KW-112,3,449.97,2026-01-18,delivered,6251587568,DHL,"7284 Cedar Ln, Honolulu, HI 96801"
#80876,Jessica Flores,jessica.flores49@outlook.com,Smartwatch,SW-119,3,599.97,2026-01-17,delivered,069602556594,FedEx,"3283 Main St, Louisville, KY 40201"
#94995,Donna Thomas,donna.thomas15@hotmail.com,Tripod Stand,TS-128,2,79.98,2025-11-29,shipped,52156123178076398389,USPS,"5750 Pine Rd, Nashville, TN 37201"
#74240,Patricia Martin,patricia.martin13@icloud.com,Cable Organizer Kit,COK-134,2,35.98,2026-02-09,out_for_delivery,1Z0057637093725652,UPS,"7263 River Rd, Omaha, NE 68101"
#99808,Helen Scott,helen.scott45@yahoo.com,Whiteboard Markers Set,WMS-140,2,25.98,2026-01-18,shipped,32624288729768,LaserShip,"8714 Pine Rd, Columbus, OH 43085"
#60485,Brenda Wright,brenda.wright82@outlook.com,Fitness Tracker,FT-120,2,179.98,2026-02-11,shipped,23979280579704591024,USPS,"3283 Washington Blvd, San Diego, CA 92101"
#27268,Mark Bennett,mark.bennett71@yahoo.com,Cable Management Box,CMB-108,1,24.99,2026-03-07,delivered,02798180429182,LaserShip,"8641 Park Ave, Pittsburgh, PA 15201"
#61939,Sarah Lewis,sarah.lewis87@proton.me,Cable Organizer Kit,COK-134,3,53.97,2026-04-01,shipped,65740091393525722480,USPS,"2131 Summit Ave, Philadelphia, PA 19101"
#30985,Joseph Roberts,joseph.roberts40@icloud.com,LED Desk Lamp,LDL-800,4,139.96,2026-03-05,cancelled,,,"801 Lakeview Dr, Kansas City, MO 64101"
#23783,Larry Mitchell,larry.mitchell57@outlook.com,CPU Cooler,CC-133,3,149.97,2026-05-10,delivered,66594425081156,LaserShip,"5850 Main St, Richmond, VA 23218"
#73867,Richard Barnes,richard.barnes62@gmail.com,Label Maker,LM-136,1,44.99,2026-02-23,pending,,,"6646 Pine Rd, Las Vegas, NV 89101"
#42800,Elizabeth Barnes,elizabeth.barnes85@yahoo.com,Green Screen,GS-127,1,45.99,2025-12-15,delivered,19875034670408,LaserShip,"6112 Willow Way, Arlington, TX 76001"
#53005,Justin Richardson,justin.richardson24@proton.me,Mini Projector,MP-113,1,199.99,2026-03-18,shipped,12508812106645188982,USPS,"9451 Park Ave, Charlotte, NC 28201"
#25161,Scott Fisher,scott.fisher11@gmail.com,Capture Card,CC-126,3,269.97,2026-05-10,delivered,1Z2358536708442728,UPS,"8256 Oak Ave, Denver, CO 80201"
#37466,Thomas Murphy,thomas.murphy64@hotmail.com,Cable Management Box,CMB-108,2,49.98,2026-05-04,shipped,1Z5598813874794659,UPS,"9939 Lakeview Dr, Louisville, KY 40201"
#50675,Jerry Bailey,jerry.bailey15@icloud.com,LED Desk Lamp,LDL-800,3,104.97,2026-04-15,delivered,79216861112317,Amazon Logistics,"168 Maple Dr, Seattle, WA 98101"
#16415,Timothy Butler,timothy.butler78@icloud.com,Laptop Stand,LS-700,4,183.96,2026-03-04,pending,,,"6712 Meadow Ln, Columbus, OH 43085"
#60963,Debra Hall,debra.hall3@outlook.com,Capture Card,CC-126,4,359.96,2026-04-06,out_for_delivery,73656117233644,LaserShip,"122 Sunset Blvd, Philadelphia, PA 19101"
#41045,James Howard,james.howard53@proton.me,Power Bank 20000mAh,PB-118,3,149.97,2026-03-29,delivered,1Z4062287782754023,UPS,"7354 Willow Way, Austin, TX 73301"
#32457,Donna Ward,donna.ward69@yahoo.com,Power Bank 20000mAh,PB-118,2,99.98,2026-03-19,processing,,,"4207 Lake Dr, Raleigh, NC 27601"
#51425,Joshua Nguyen,joshua.nguyen23@outlook.com,LED Desk Lamp,LDL-800,2,69.98,2026-01-07,shipped,79555550603456,LaserShip,"2604 Meadow Ln, El Paso, TX 79901"
#99146,Justin Cox,justin.cox24@hotmail.com,NVMe SSD 500GB,NVM-131,2,159.98,2026-01-18,delivered,5397585863,DHL,"4616 Meadow Ln, Baltimore, MD 21201"
#64878,Carol Mitchell,carol.mitchell29@gmail.com,Mechanical Keyboard,MK-200,2,179.98,2026-04-28,processing,,,"7270 Oak Ave, Salt Lake City, UT 84101"
#83498,Samuel Davis,samuel.davis93@proton.me,Cable Management Box,CMB-108,2,49.98,2026-05-19,delivered,95305632379087060716,USPS,"8951 Highland Ave, Omaha, NE 68101"
#49292,Carol Brooks,carol.brooks1@outlook.com,LED Desk Lamp,LDL-800,2,69.98,2026-04-09,out_for_delivery,1Z8430098658341672,UPS,"1358 Pine Rd, Los Angeles, CA 90001"
#74749,Steven Phillips,steven.phillips34@icloud.com,Shredder,SH-137,4,359.96,2025-12-18,delivered,16265654932632104981,USPS,"8937 Hillside Rd, Denver, CO 80201"
#64122,Edward White,edward.white65@hotmail.com,Portable SSD 1TB,SSD-102,4,439.96,2026-03-20,shipped,949877796147,FedEx,"6724 Broadway, San Jose, CA 95101"
#51584,Shirley Turner,shirley.turner76@hotmail.com,Earbuds Pro,EP-121,2,199.98,2025-12-27,shipped,482245142719,FedEx,"2296 Oak Ave, Aurora, CO 80010"
#82425,Jeffrey Hernandez,jeffrey.hernandez3@gmail.com,CPU Cooler,CC-133,4,199.96,2026-03-25,pending,,,"362 Cedar Ln, Denver, CO 80201"
#33954,Rachel Brooks,rachel.brooks3@proton.me,4K Webcam,4KW-112,4,599.96,2025-12-12,shipped,1Z0146990548154733,UPS,"1631 Willow Way, St. Louis, MO 63101"
#68346,Rebecca Henderson,rebecca.henderson60@hotmail.com,Green Screen,GS-127,2,91.98,2026-04-18,shipped,1Z3045587115445200,UPS,"4384 Sunset Blvd, Seattle, WA 98101"
#64459,Brian Thomas,brian.thomas43@outlook.com,LED Desk Lamp,LDL-800,2,69.98,2026-04-06,processing,,,"6074 Oak Ave, Raleigh, NC 27601"
#93282,Steven Gonzalez,steven.gonzalez8@gmail.com,Portable SSD 1TB,SSD-102,4,439.96,2026-05-05,shipped,51260094578100,OnTrac,"4867 Hillside Rd, Salt Lake City, UT 84101"
#95764,John Roberts,john.roberts15@proton.me,Earbuds Pro,EP-121,1,99.99,2026-02-22,delivered,37427726138626556397,USPS,"5936 River Rd, Sacramento, CA 95814"
#90310,Sharon Morris,sharon.morris47@icloud.com,Green Screen,GS-127,2,91.98,2026-04-02,delivered,1Z0397927757810441,UPS,"5545 River Rd, Raleigh, NC 27601"
#79264,Larry Davis,larry.davis2@icloud.com,Smart Bulb Pack,SBP-114,1,39.99,2025-12-03,delivered,29044277696693410602,USPS,"4633 River Rd, San Francisco, CA 94101"
#57914,George Collins,george.collins91@hotmail.com,Power Bank 20000mAh,PB-118,1,49.99,2025-11-30,processing,,,"7776 Broadway, Las Vegas, NV 89101"
#40067,Anna Gomez,anna.gomez97@proton.me,Smart Bulb Pack,SBP-114,1,39.99,2025-12-31,shipped,2767737155,DHL,"2347 Elm St, Atlanta, GA 30301"
#66288,Cynthia Lee,cynthia.lee59@proton.me,Shredder,SH-137,1,89.99,2026-03-09,delivered,93224091652730,Amazon Logistics,"3496 Hillside Rd, New Orleans, LA 70112"
#37314,Katherine Miller,katherine.miller50@outlook.com,Gaming Mouse,GM-122,1,69.99,2026-04-02,shipped,1Z6642803682623565,UPS,"3190 Maple Dr, Pittsburgh, PA 15201"
#99319,Edward Sanchez,edward.sanchez93@proton.me,Monitor Stand,MS-400,1,59.99,2026-05-01,delivered,57740822256742611007,USPS,"2688 Washington Blvd, Springfield, IL 62701"
#72417,Carolyn Davis,carolyn.davis74@gmail.com,LED Desk Lamp,LDL-800,3,104.97,2025-12-22,shipped,1Z2239046175492553,UPS,"1344 Hillside Rd, Jacksonville, FL 32099"
#50373,Betty Taylor,betty.taylor82@outlook.com,Green Screen,GS-127,3,137.97,2025-12-07,shipped,56973144587999,OnTrac,"5150 Oak Ave, Minneapolis, MN 55401"
#29337,Jerry Young,jerry.young34@outlook.com,Power Bank 20000mAh,PB-118,2,99.98,2026-03-21,processing,,,"9780 Summit Ave, Detroit, MI 48201"
#16077,Sharon Baker,sharon.baker94@icloud.com,Whiteboard Markers Set,WMS-140,2,25.98,2026-05-11,shipped,63011510282788,OnTrac,"8117 Washington Blvd, Tucson, AZ 85701"
#78001,Dennis Perez,dennis.perez36@icloud.com,Whiteboard Markers Set,WMS-140,1,12.99,2026-03-18,out_for_delivery,54265558937692,LaserShip,"3677 Valley Rd, Pittsburgh, PA 15201"
#66441,Mark Walker,mark.walker5@icloud.com,Stapler Heavy Duty,SHD-139,1,24.99,2026-01-15,delivered,38188340732568,LaserShip,"1052 Main St, Arlington, TX 76001"
#78921,Paul Diaz,paul.diaz83@proton.me,Wireless Charger,WCH-103,4,119.96,2026-03-09,delivered,6231907414,DHL,"4336 Lakeview Dr, Baltimore, MD 21201"
#50628,Stephen Lopez,stephen.lopez39@icloud.com,Planner 2026,PL-141,4,79.96,2025-12-13,processing,,,"437 Washington Blvd, Las Vegas, NV 89101"
#88109,Brian Harris,brian.harris74@yahoo.com,Wireless Charger,WCH-103,3,89.97,2026-01-23,shipped,17506855755041,LaserShip,"1803 Main St, Tampa, FL 33601"
#40734,Donna Moore,donna.moore45@gmail.com,LED Desk Lamp,LDL-800,4,139.96,2026-03-13,processing,,,"7416 Oak Ave, Corpus Christi, TX 78401"
#94320,Susan Butler,susan.butler4@gmail.com,Smart Plug,SP-104,4,79.96,2025-12-13,delivered,39863540141151979720,USPS,"3233 Broadway, El Paso, TX 79901"
#85081,Patricia Fisher,patricia.fisher87@outlook.com,Monitor Stand,MS-400,4,239.96,2026-01-26,cancelled,,,"6923 Maple Dr, Memphis, TN 38101"
#11737,Paul Price,paul.price91@gmail.com,Earbuds Pro,EP-121,4,399.96,2026-03-18,shipped,1Z2356088996960301,UPS,"1561 Sunset Blvd, Indianapolis, IN 46201"
#41852,Maria Miller,maria.miller64@gmail.com,Notebook Hardcover,NB-142,4,59.96,2026-01-22,pending,,,"8057 River Rd, Portland, OR 97201"
#69173,Mary Davis,mary.davis84@proton.me,CPU Cooler,CC-133,1,49.99,2026-02-25,returned,84084999606148,OnTrac,"223 Pine Rd, Miami, FL 33101"
#11762,Jerry Henderson,jerry.henderson71@hotmail.com,Cable Organizer Kit,COK-134,3,53.97,2025-11-25,shipped,453804100525,FedEx,"773 Summit Ave, Charlotte, NC 28201"
#95872,Linda Collins,linda.collins70@hotmail.com,Fitness Tracker,FT-120,1,89.99,2026-04-01,delivered,81958816930109,LaserShip,"7387 Main St, Honolulu, HI 96801"
#17625,Lisa Nelson,lisa.nelson16@outlook.com,NVMe SSD 500GB,NVM-131,2,159.98,2025-11-30,shipped,6366618449,DHL,"8584 Summit Ave, Houston, TX 77001"
#82780,Sarah Henderson,sarah.henderson95@yahoo.com,Capture Card,CC-126,2,179.98,2026-04-06,pending,,,"5885 Willow Way, Anaheim, CA 92801"
#94615,Donald Fisher,donald.fisher26@hotmail.com,Noise Cancelling Headphones,NCH-600,1,129.99,2025-12-24,cancelled,,,"7203 Forest Dr, Chicago, IL 60601"
#82211,Samantha Barnes,samantha.barnes75@outlook.com,CPU Cooler,CC-133,2,99.98,2026-01-10,delivered,1Z8275664747564231,UPS,"8715 Park Ave, Honolulu, HI 96801"
#53705,Robert Murphy,robert.murphy78@icloud.com,Green Screen,GS-127,4,183.96,2025-12-01,delivered,1Z0715077405612973,UPS,"2136 River Rd, Denver, CO 80201"
#88889,Gary Myers,gary.myers32@gmail.com,Planner 2026,PL-141,4,79.96,2026-03-10,shipped,81584022363120665257,USPS,"2170 Main St, Cincinnati, OH 45201"
#54748,Sharon Martin,sharon.martin92@icloud.com,Smart Plug,SP-104,4,79.96,2025-12-04,shipped,500391139939,FedEx,"9169 Summit Ave, Kansas City, MO 64101"
#65639,Deborah Rodriguez,deborah.rodriguez47@icloud.com,Drawing Tablet,DT-111,3,479.97,2026-01-14,processing,,,"3208 Oak Ave, Jacksonville, FL 32099"
#51230,Cynthia Sanchez,cynthia.sanchez59@proton.me,Portable SSD 1TB,SSD-102,3,329.97,2026-02-07,shipped,272079225311,FedEx,"5499 Oak Ave, Indianapolis, IN 46201"
#55472,Jeffrey Brown,jeffrey.brown77@hotmail.com,Stapler Heavy Duty,SHD-139,3,74.97,2025-12-18,pending,,,"8901 Oak Ave, St. Louis, MO 63101"
#35802,Betty Walker,betty.walker92@proton.me,Earbuds Pro,EP-121,1,99.99,2026-05-11,delivered,1Z6115771587991689,UPS,"7573 Lakeview Dr, Albuquerque, NM 87101"
#66730,Cynthia Perry,cynthia.perry15@gmail.com,RAM 16GB DDR4,RAM-132,1,59.99,2026-01-10,processing,,,"3236 Forest Dr, San Jose, CA 95101"
#99159,Maria Campbell,maria.campbell47@hotmail.com,LED Desk Lamp,LDL-800,4,139.96,2026-03-14,delivered,18360541725495,LaserShip,"6708 Valley Rd, Anaheim, CA 92801"
#72720,Shirley Rivera,shirley.rivera20@hotmail.com,Tripod Stand,TS-128,3,119.97,2026-02-28,delivered,89172642651857938611,USPS,"9215 Valley Rd, Houston, TX 77001"
#37147,Christopher Martin,christopher.martin19@gmail.com,Mini Projector,MP-113,1,199.99,2026-02-23,shipped,43198305007194,LaserShip,"7560 Summit Ave, Corpus Christi, TX 78401"
#70911,Betty Foster,betty.foster44@gmail.com,Portable Monitor,PM-130,2,499.98,2026-02-25,shipped,17221230500431,OnTrac,"8264 Broadway, Sacramento, CA 95814"
#70418,Timothy Taylor,timothy.taylor17@gmail.com,Surge Protector,SP2-135,3,98.97,2026-01-22,delivered,0410521097,DHL,"868 Cedar Ln, St. Louis, MO 63101"
#17557,Carolyn Collins,carolyn.collins12@outlook.com,Laminator,LAM-138,3,119.97,2026-02-16,delivered,97292191406557574400,USPS,"5168 Elm St, Arlington, TX 76001"
#45399,Kevin Lewis,kevin.lewis60@outlook.com,Gaming Mouse,GM-122,4,279.96,2026-01-20,processing,,,"8730 Highland Ave, Anaheim, CA 92801"
#67141,Helen Jackson,helen.jackson12@proton.me,Fitness Tracker,FT-120,1,89.99,2025-12-27,pending,,,"5143 Lake Dr, San Jose, CA 95101"
#68337,Frank Scott,frank.scott52@yahoo.com,Stapler Heavy Duty,SHD-139,1,24.99,2026-01-09,out_for_delivery,51253603809489,LaserShip,"4798 Main St, Columbus, OH 43085"
#35279,Catherine Richardson,catherine.richardson20@hotmail.com,Smartphone Gimbal,SG-129,3,329.97,2025-12-13,pending,,,"6351 Pine Rd, El Paso, TX 79901"
#10724,Betty Morgan,betty.morgan82@icloud.com,Green Screen,GS-127,3,137.97,2026-03-02,shipped,09349722965567,LaserShip,"7436 Meadow Ln, Oklahoma City, OK 73101"
#60209,Jacob Robinson,jacob.robinson72@icloud.com,Mechanical Numpad,MN-124,1,55.99,2026-02-12,shipped,75930804861987,LaserShip,"5412 Cedar Ln, Pittsburgh, PA 15201"
#50046,Sharon Clark,sharon.clark81@hotmail.com,Laptop Backpack,LB-117,4,319.96,2026-01-01,delivered,25777603147847598318,USPS,"9333 Highland Ave, San Diego, CA 92101"
#98626,Amanda Ross,amanda.ross5@icloud.com,Smartphone Gimbal,SG-129,4,439.96,2026-01-17,pending,,,"3555 Highland Ave, Minneapolis, MN 55401"
#27040,David Powell,david.powell50@hotmail.com,Cable Management Box,CMB-108,3,74.97,2025-11-27,delivered,1Z8601283721973830,UPS,"4558 Elm St, Arlington, TX 76001"
#29202,Kevin Harris,kevin.harris19@gmail.com,Ergonomic Chair,EC-900,2,599.98,2026-04-21,shipped,41882289076349,LaserShip,"5602 Broadway, Cleveland, OH 44101"
#41952,Michelle King,michelle.king34@icloud.com,Notebook Hardcover,NB-142,3,44.97,2026-01-16,processing,,,"3970 Broadway, Bakersfield, CA 93301"
#68402,Susan Lewis,susan.lewis90@yahoo.com,Smart Bulb Pack,SBP-114,3,119.97,2026-04-03,shipped,1Z0214815282383957,UPS,"4067 Broadway, Chicago, IL 60601"
#39748,Joseph Johnson,joseph.johnson80@icloud.com,Laptop Stand,LS-700,3,137.97,2026-01-19,shipped,43004593664356629024,USPS,"887 Lakeview Dr, Detroit, MI 48201"
#56757,Charles Morris,charles.morris42@outlook.com,Webcam HD 1080p,WC-500,1,79.99,2025-12-04,shipped,010778017987,FedEx,"4674 Oak Ave, Baltimore, MD 21201"
#35924,Betty Myers,betty.myers98@icloud.com,Label Maker,LM-136,4,179.96,2026-04-17,shipped,94454317616496,LaserShip,"9047 Pine Rd, Cleveland, OH 44101"
#29454,Emma White,emma.white49@icloud.com,CPU Cooler,CC-133,2,99.98,2025-12-19,delivered,90039742804550,Amazon Logistics,"1737 Sunset Blvd, Louisville, KY 40201"
#87947,Cynthia Ross,cynthia.ross12@yahoo.com,Webcam HD 1080p,WC-500,3,239.97,2025-11-28,delivered,65250802199806,OnTrac,"4477 Summit Ave, Baltimore, MD 21201"
#57634,Anthony Robinson,anthony.robinson9@yahoo.com,Standing Desk Mat,SDM-101,2,111.98,2025-11-29,cancelled,,,"9419 Valley Rd, Cincinnati, OH 45201"
#40653,Eric Peterson,eric.peterson27@icloud.com,NVMe SSD 500GB,NVM-131,1,79.99,2026-03-11,delivered,51549935200117,Amazon Logistics,"1891 Hillside Rd, New Orleans, LA 70112"
#27667,Ashley Miller,ashley.miller48@yahoo.com,Tripod Stand,TS-128,4,159.96,2025-12-27,delivered,312569599605,FedEx,"8113 Main St, Indianapolis, IN 46201"
#50595,Helen King,helen.king70@icloud.com,Laptop Backpack,LB-117,3,239.97,2026-02-15,processing,,,"7500 Oak Ave, Raleigh, NC 27601"
#70215,Amy Hill,amy.hill61@hotmail.com,Label Maker,LM-136,2,89.98,2026-03-14,shipped,9486680141,DHL,"6424 Willow Way, San Francisco, CA 94101"
#38028,Samuel Phillips,samuel.phillips59@icloud.com,Label Maker,LM-136,3,134.97,2026-02-04,delivered,95805567135833,OnTrac,"9169 Lake Dr, Cincinnati, OH 45201"
#32018,Timothy Sanchez,timothy.sanchez59@yahoo.com,Shredder,SH-137,4,359.96,2026-03-06,delivered,9892072973,DHL,"478 Lakeview Dr, St. Louis, MO 63101"
#82409,Daniel Brooks,daniel.brooks63@outlook.com,Monitor Stand,MS-400,2,119.98,2026-02-19,shipped,3601280167,DHL,"1902 Washington Blvd, Albuquerque, NM 87101"
#82875,Mark Turner,mark.turner14@outlook.com,Air Purifier,AP-115,1,129.99,2026-03-06,processing,,,"7207 Summit Ave, New Orleans, LA 70112"
#79039,Robert Jones,robert.jones39@proton.me,Ring Light 10inch,RL-105,4,199.96,2026-02-18,shipped,291851643860,FedEx,"328 Sunset Blvd, Bakersfield, CA 93301"
#95515,Pamela Thomas,pamela.thomas82@proton.me,Label Maker,LM-136,1,44.99,2026-03-24,processing,,,"8314 Hillside Rd, Minneapolis, MN 55401"
#23601,Dorothy Butler,dorothy.butler82@hotmail.com,Phone Stand,PS-107,2,29.98,2026-04-29,cancelled,,,"3054 River Rd, Oklahoma City, OK 73101"
#32707,Charles Bell,charles.bell40@icloud.com,Notebook Hardcover,NB-142,3,44.97,2026-01-09,delivered,393803880620,FedEx,"6768 Maple Dr, Detroit, MI 48201"
#31287,Jennifer Reed,jennifer.reed3@icloud.com,Earbuds Pro,EP-121,1,99.99,2026-02-10,shipped,654866206201,FedEx,"3246 Sunset Blvd, Sacramento, CA 95814"
#28948,Alexander Hughes,alexander.hughes30@gmail.com,Capture Card,CC-126,1,89.99,2026-01-26,out_for_delivery,5505963000,DHL,"2439 Cedar Ln, Honolulu, HI 96801"
#74979,Heather Russell,heather.russell77@gmail.com,Green Screen,GS-127,1,45.99,2026-04-22,delivered,8588023358,DHL,"7083 Park Ave, Nashville, TN 37201"
#27829,Shirley Campbell,shirley.campbell93@outlook.com,Wireless Mouse,WM-100,1,49.99,2026-04-08,delivered,10997056231372,LaserShip,"7117 Forest Dr, Oklahoma City, OK 73101"
#66606,Nicole Harris,nicole.harris76@hotmail.com,Mechanical Numpad,MN-124,2,111.98,2026-03-20,shipped,155686609850,FedEx,"4853 Sunset Blvd, Cleveland, OH 44101"
#89251,Betty Lewis,betty.lewis99@gmail.com,Standing Desk Mat,SDM-101,4,223.96,2026-02-20,delivered,1Z4360770229184567,UPS,"6321 Lakeview Dr, Seattle, WA 98101"
#25085,Alexander Morris,alexander.morris56@outlook.com,LED Desk Lamp,LDL-800,3,104.97,2026-01-16,cancelled,,,"6984 Pine Rd, Los Angeles, CA 90001"
#55830,Barbara Walker,barbara.walker58@yahoo.com,RAM 16GB DDR4,RAM-132,4,239.96,2026-03-20,shipped,6481295419,DHL,"9929 Oak Ave, San Jose, CA 95101"
#91851,Carolyn White,carolyn.white61@gmail.com,Label Maker,LM-136,4,179.96,2025-12-09,pending,,,"6377 Cedar Ln, Salt Lake City, UT 84101"
#88589,Elizabeth Evans,elizabeth.evans62@outlook.com,RAM 16GB DDR4,RAM-132,4,239.96,2026-02-27,pending,,,"4570 Cedar Ln, Bakersfield, CA 93301"
#80088,Jessica Ramirez,jessica.ramirez17@hotmail.com,Smartphone Gimbal,SG-129,4,439.96,2025-11-29,delivered,83979196832792,LaserShip,"2995 River Rd, Anaheim, CA 92801"
#79012,Emily Mitchell,emily.mitchell57@gmail.com,Earbuds Pro,EP-121,4,399.96,2025-12-03,delivered,037333083222,FedEx,"5281 Park Ave, Houston, TX 77001"
#10083,Brian Sanders,brian.sanders81@proton.me,Smartwatch,SW-119,1,199.99,2026-03-22,shipped,89536293373597,Amazon Logistics,"8039 Elm St, Denver, CO 80201"
#84115,Nicole Taylor,nicole.taylor74@yahoo.com,Docking Station,DS-125,1,149.99,2026-02-20,returned,26493367281730937265,USPS,"7713 Forest Dr, Austin, TX 73301"
#97968,William Richardson,william.richardson86@proton.me,Portable SSD 1TB,SSD-102,2,219.98,2026-03-06,out_for_delivery,01014674388203,LaserShip,"7068 Highland Ave, Las Vegas, NV 89101"
#23999,Rachel Robinson,rachel.robinson77@gmail.com,Portable SSD 1TB,SSD-102,4,439.96,2026-04-14,delivered,92731895848291973637,USPS,"519 Pine Rd, Kansas City, MO 64101"
#95721,Rebecca Cook,rebecca.cook54@proton.me,Label Maker,LM-136,2,89.98,2026-03-01,delivered,03150438854478,OnTrac,"3182 Lake Dr, Corpus Christi, TX 78401"
#53769,Rebecca Diaz,rebecca.diaz38@proton.me,Gaming Mouse,GM-122,3,209.97,2026-03-16,delivered,094458799260,FedEx,"2807 Hillside Rd, Boston, MA 02101"
#13710,Justin Jenkins,justin.jenkins75@outlook.com,Monitor Stand,MS-400,1,59.99,2026-01-01,delivered,3389090809,DHL,"2955 Oak Ave, Baltimore, MD 21201"
#88946,Timothy Hernandez,timothy.hernandez61@proton.me,4K Webcam,4KW-112,1,149.99,2026-03-10,shipped,1Z5284190491753641,UPS,"2973 Forest Dr, Minneapolis, MN 55401"
#22788,Angela Ward,angela.ward29@outlook.com,Drawing Tablet,DT-111,1,159.99,2025-12-18,cancelled,,,"1770 Maple Dr, Albuquerque, NM 87101"
#30438,Deborah Fisher,deborah.fisher31@hotmail.com,Air Purifier,AP-115,1,129.99,2026-03-04,shipped,6269235276,DHL,"9524 Oak Ave, Baltimore, MD 21201"
#68375,Amanda Cooper,amanda.cooper11@hotmail.com,Earbuds Pro,EP-121,3,299.97,2026-04-21,delivered,0360838751,DHL,"4798 Willow Way, Houston, TX 77001"
#48197,Michael Powell,michael.powell14@hotmail.com,Laminator,LAM-138,4,159.96,2025-12-07,delivered,147108355703,FedEx,"5186 Washington Blvd, Charlotte, NC 28201"
#37274,Kimberly Sanders,kimberly.sanders43@outlook.com,Mouse Pad XL,MPX-109,1,22.99,2026-02-13,processing,,,"5580 Meadow Ln, New Orleans, LA 70112"
#91299,Gregory Perry,gregory.perry63@proton.me,USB-C Hub,UCH-300,4,159.96,2026-02-14,shipped,1Z3160455107396065,UPS,"8410 Forest Dr, Springfield, IL 62701"
#39365,Anthony Sanders,anthony.sanders41@outlook.com,Portable SSD 1TB,SSD-102,1,109.99,2025-12-17,processing,,,"4799 Willow Way, Sacramento, CA 95814"
#22957,Stephen Perez,stephen.perez72@outlook.com,Power Bank 20000mAh,PB-118,4,199.96,2026-04-26,shipped,56156961705826,OnTrac,"8521 Highland Ave, Arlington, TX 76001"
#67959,Timothy Cruz,timothy.cruz85@outlook.com,Ergonomic Chair,EC-900,2,599.98,2026-02-04,processing,,,"1511 Hillside Rd, Cincinnati, OH 45201"
#42282,Brandon Ross,brandon.ross13@gmail.com,Bluetooth Speaker,BS-106,4,279.96,2026-04-20,shipped,2648172992,DHL,"8448 Elm St, Salt Lake City, UT 84101"
#76718,Stephanie Gray,stephanie.gray86@proton.me,Mechanical Keyboard,MK-200,4,359.96,2026-03-15,delivered,1Z6132415121994621,UPS,"360 Park Ave, Cincinnati, OH 45201"
#35546,Emma Morales,emma.morales6@gmail.com,Laminator,LAM-138,2,79.98,2026-02-07,out_for_delivery,27608799218722,Amazon Logistics,"6514 Forest Dr, Cleveland, OH 44101"
#76982,Thomas Gomez,thomas.gomez77@hotmail.com,Portable SSD 1TB,SSD-102,4,439.96,2026-04-14,delivered,242203451746,FedEx,"568 Elm St, Los Angeles, CA 90001"
#91889,Larry Cook,larry.cook91@yahoo.com,Laptop Backpack,LB-117,4,319.96,2026-01-25,delivered,41394273738165545132,USPS,"4891 Maple Dr, Tampa, FL 33601"
#76638,Joseph King,joseph.king38@proton.me,Earbuds Pro,EP-121,4,399.96,2026-03-27,delivered,82980215445334,Amazon Logistics,"728 Highland Ave, New Orleans, LA 70112"
#82879,Anthony Johnson,anthony.johnson90@yahoo.com,Wireless Charger,WCH-103,2,59.98,2026-02-04,delivered,16848831156834187118,USPS,"2968 Meadow Ln, Louisville, KY 40201"
#73677,Michael Lewis,michael.lewis42@proton.me,Smartwatch,SW-119,4,799.96,2025-12-03,shipped,14090218264879,Amazon Logistics,"7879 Summit Ave, Oklahoma City, OK 73101"
#72887,Mark Cruz,mark.cruz93@yahoo.com,Capture Card,CC-126,3,269.97,2025-12-22,returned,169347179838,FedEx,"3675 Highland Ave, Anaheim, CA 92801"
#80882,James Nelson,james.nelson48@hotmail.com,Cable Management Box,CMB-108,2,49.98,2026-05-11,shipped,98097544495488196287,USPS,"5479 Pine Rd, Pittsburgh, PA 15201"
#65634,John Phillips,john.phillips24@icloud.com,Docking Station,DS-125,4,599.96,2025-12-19,delivered,1Z8260522529134684,UPS,"1479 Lake Dr, Columbus, OH 43085"
#98208,Lisa Brooks,lisa.brooks6@outlook.com,USB Microphone,UM-110,2,179.98,2026-01-24,processing,,,"8909 Elm St, Boston, MA 02101"
#92299,Sharon Fisher,sharon.fisher61@icloud.com,Cable Organizer Kit,COK-134,3,53.97,2026-05-21,shipped,96206677642468,LaserShip,"5210 Valley Rd, Los Angeles, CA 90001"
#12809,David Sanchez,david.sanchez21@hotmail.com,Smartwatch,SW-119,4,799.96,2026-01-12,returned,16010945157267,LaserShip,"286 Highland Ave, Cincinnati, OH 45201"
#85637,Helen Torres,helen.torres31@hotmail.com,Bluetooth Speaker,BS-106,1,69.99,2025-12-23,delivered,7364288399,DHL,"2717 Maple Dr, Louisville, KY 40201"
#58350,Amy Stewart,amy.stewart11@yahoo.com,Gaming Headset,GH-123,3,359.97,2026-02-19,delivered,0746636829,DHL,"4459 Pine Rd, Phoenix, AZ 85001"
#39099,Rebecca Ward,rebecca.ward48@proton.me,Ring Light 10inch,RL-105,1,49.99,2026-01-07,delivered,56105474088041,LaserShip,"7762 Main St, Aurora, CO 80010"
#51520,Emma White,emma.white23@yahoo.com,Smart Bulb Pack,SBP-114,3,119.97,2026-04-06,shipped,69317229518402165333,USPS,"4351 Summit Ave, Nashville, TN 37201"
#28880,Margaret Murphy,margaret.murphy70@outlook.com,NVMe SSD 500GB,NVM-131,3,239.97,2025-12-03,delivered,73510578929590,OnTrac,"1132 Summit Ave, San Jose, CA 95101"
#63571,Dennis Harris,dennis.harris5@yahoo.com,Portable Monitor,PM-130,2,499.98,2026-04-08,delivered,63558286109661625979,USPS,"3785 Meadow Ln, Phoenix, AZ 85001"
#51991,Daniel Price,daniel.price30@yahoo.com,Tripod Stand,TS-128,2,79.98,2026-03-18,delivered,1Z1803442760870813,UPS,"8664 Lake Dr, Oklahoma City, OK 73101"
#43022,Ronald Ortiz,ronald.ortiz36@yahoo.com,Label Maker,LM-136,2,89.98,2026-04-07,processing,,,"3374 Valley Rd, San Jose, CA 95101"
#92581,Nicholas Ortiz,nicholas.ortiz34@hotmail.com,Docking Station,DS-125,2,299.98,2026-04-29,pending,,,"2575 Lakeview Dr, Cleveland, OH 44101"
#54086,Robert Watson,robert.watson29@yahoo.com,Laminator,LAM-138,2,79.98,2026-04-29,delivered,61018960513383,LaserShip,"8009 Sunset Blvd, Tampa, FL 33601"
#68094,Jason Carter,jason.carter95@hotmail.com,Laptop Stand,LS-700,3,137.97,2025-12-18,out_for_delivery,4987155619,DHL,"9710 Highland Ave, Raleigh, NC 27601"
#69242,Timothy Carter,timothy.carter99@icloud.com,Laptop Stand,LS-700,4,183.96,2026-03-07,pending,,,"285 Washington Blvd, Aurora, CO 80010"
#95694,Eric Morris,eric.morris9@gmail.com,Portable SSD 1TB,SSD-102,4,439.96,2026-05-04,shipped,15511725570506,Amazon Logistics,"8515 Lakeview Dr, Indianapolis, IN 46201"
#87816,William Ward,william.ward85@proton.me,Laptop Backpack,LB-117,4,319.96,2026-02-11,delivered,5243456753,DHL,"9717 Cedar Ln, Portland, OR 97201"
#31985,Michelle Sanchez,michelle.sanchez23@icloud.com,Bluetooth Speaker,BS-106,1,69.99,2026-01-04,processing,,,"9292 Maple Dr, Sacramento, CA 95814"
#52924,Christine Sanders,christine.sanders98@icloud.com,USB Microphone,UM-110,3,269.97,2026-05-03,out_for_delivery,766438682857,FedEx,"2191 Maple Dr, Baltimore, MD 21201"
#82621,Nicholas Cook,nicholas.cook54@yahoo.com,Fitness Tracker,FT-120,4,359.96,2026-02-28,processing,,,"2956 Main St, Memphis, TN 38101"
#14198,Timothy Bennett,timothy.bennett51@hotmail.com,Ring Light 10inch,RL-105,3,149.97,2026-03-07,out_for_delivery,810334665932,FedEx,"8326 Forest Dr, Arlington, TX 76001"
#80801,Joseph Anderson,joseph.anderson20@proton.me,Cable Organizer Kit,COK-134,3,53.97,2026-02-06,shipped,2318754438,DHL,"3992 Highland Ave, Aurora, CO 80010"
#28803,Kenneth Davis,kenneth.davis85@hotmail.com,Air Purifier,AP-115,3,389.97,2025-12-03,returned,2524889431,DHL,"9337 Pine Rd, Dallas, TX 75201"
#68074,Brian Nguyen,brian.nguyen36@icloud.com,Drawing Tablet,DT-111,4,639.96,2025-11-22,returned,1Z9805697826129247,UPS,"2270 Valley Rd, Memphis, TN 38101"
#92203,Brian Rivera,brian.rivera2@outlook.com,Drawing Tablet,DT-111,1,159.99,2026-04-08,pending,,,"5095 Hillside Rd, Albuquerque, NM 87101"
#13517,Sharon Jones,sharon.jones81@yahoo.com,Standing Desk Mat,SDM-101,2,111.98,2026-01-20,delivered,96579491058309,LaserShip,"2091 River Rd, St. Louis, MO 63101"
#75369,Jason Green,jason.green44@outlook.com,Whiteboard Markers Set,WMS-140,3,38.97,2026-05-14,pending,,,"894 Lake Dr, Sacramento, CA 95814"
#92869,Jeffrey Cox,jeffrey.cox56@icloud.com,USB Microphone,UM-110,1,89.99,2026-04-15,processing,,,"3154 Elm St, Albuquerque, NM 87101"
#66067,Brian Robinson,brian.robinson5@proton.me,Surge Protector,SP2-135,1,32.99,2026-04-03,cancelled,,,"1469 Cedar Ln, Indianapolis, IN 46201"
#27037,Alexander Anderson,alexander.anderson70@yahoo.com,Ring Light 10inch,RL-105,4,199.96,2026-01-11,delivered,42033216038659,Amazon Logistics,"7188 River Rd, El Paso, TX 79901"
#81905,Debra Gomez,debra.gomez71@outlook.com,Earbuds Pro,EP-121,2,199.98,2026-02-16,pending,,,"1290 Washington Blvd, Boston, MA 02101"
#84761,Anna Young,anna.young1@outlook.com,Noise Cancelling Headphones,NCH-600,2,259.98,2026-02-17,out_for_delivery,38558797010270,LaserShip,"6182 Hillside Rd, Oklahoma City, OK 73101"
#52017,Laura Rodriguez,laura.rodriguez77@icloud.com,Webcam HD 1080p,WC-500,2,159.98,2026-02-14,delivered,5499910415,DHL,"8591 Cedar Ln, Louisville, KY 40201"
#23270,Catherine Gutierrez,catherine.gutierrez62@proton.me,Desk Organizer,DO-116,2,55.98,2025-11-25,shipped,11265640463210,OnTrac,"1439 Park Ave, Sacramento, CA 95814"
#38582,Kenneth Brown,kenneth.brown71@yahoo.com,Tripod Stand,TS-128,4,159.96,2026-05-09,cancelled,,,"5518 Forest Dr, Detroit, MI 48201"
#65715,Alexander Morris,alexander.morris41@hotmail.com,Mouse Pad XL,MPX-109,4,91.96,2026-03-21,delivered,1Z4396935806193175,UPS,"332 Valley Rd, Raleigh, NC 27601"
#14723,Frank Carter,frank.carter6@hotmail.com,Docking Station,DS-125,1,149.99,2026-04-02,delivered,75668990710908,LaserShip,"3062 Hillside Rd, Tucson, AZ 85701"
#38401,Benjamin Sullivan,benjamin.sullivan75@gmail.com,Shredder,SH-137,4,359.96,2025-12-11,delivered,9807273099,DHL,"9109 Meadow Ln, San Francisco, CA 94101"
#38438,William Barnes,william.barnes93@gmail.com,Surge Protector,SP2-135,3,98.97,2026-03-29,shipped,92903811508473694211,USPS,"8535 Cedar Ln, Indianapolis, IN 46201"
#52818,Jessica Young,jessica.young49@proton.me,Fitness Tracker,FT-120,2,179.98,2026-01-21,shipped,1Z3578785418135665,UPS,"2655 Park Ave, Corpus Christi, TX 78401"
#27730,Kathleen Watson,kathleen.watson80@hotmail.com,Portable Monitor,PM-130,4,999.96,2026-02-13,shipped,735580421425,FedEx,"4787 Sunset Blvd, Bakersfield, CA 93301"
#73508,Margaret Garcia,margaret.garcia28@hotmail.com,Cable Organizer Kit,COK-134,3,53.97,2025-12-06,shipped,025196511139,FedEx,"2980 Elm St, Charlotte, NC 28201"
#13776,Benjamin Perez,benjamin.perez22@proton.me,Laptop Backpack,LB-117,3,239.97,2026-02-12,delivered,471252597528,FedEx,"1863 Maple Dr, Kansas City, MO 64101"
#90948,Scott Campbell,scott.campbell69@hotmail.com,Portable SSD 1TB,SSD-102,3,329.97,2026-03-06,delivered,020984288337,FedEx,"3398 Sunset Blvd, Springfield, IL 62701"
#19080,Carolyn Anderson,carolyn.anderson14@gmail.com,USB Microphone,UM-110,1,89.99,2026-04-10,delivered,99927835042319,Amazon Logistics,"632 Valley Rd, Portland, OR 97201"
#69561,Kevin Gonzalez,kevin.gonzalez58@yahoo.com,Ring Light 10inch,RL-105,2,99.98,2026-04-05,delivered,126567161535,FedEx,"8028 Meadow Ln, Salt Lake City, UT 84101"
#31152,Nicholas Torres,nicholas.torres81@proton.me,Bluetooth Speaker,BS-106,3,209.97,2025-12-16,shipped,046228302092,FedEx,"3620 Hillside Rd, Las Vegas, NV 89101"
#74086,Jennifer Peterson,jennifer.peterson94@yahoo.com,Gaming Mouse,GM-122,4,279.96,2026-01-13,delivered,48012490730478,OnTrac,"5924 Oak Ave, San Jose, CA 95101"
#40349,Mary Kelly,mary.kelly95@proton.me,Noise Cancelling Headphones,NCH-600,1,129.99,2026-03-15,processing,,,"5826 Meadow Ln, Las Vegas, NV 89101"
#56001,Amanda Bailey,amanda.bailey75@proton.me,Standing Desk Mat,SDM-101,3,167.97,2026-03-05,shipped,08488660843280,LaserShip,"8374 Maple Dr, Anaheim, CA 92801"
#26599,Stephen Turner,stephen.turner91@icloud.com,Gaming Headset,GH-123,4,479.96,2026-04-28,shipped,1Z7413049294472319,UPS,"7013 Forest Dr, Pittsburgh, PA 15201"
#22933,Sharon Rivera,sharon.rivera88@yahoo.com,Mechanical Keyboard,MK-200,1,89.99,2025-11-26,delivered,41653696138479485644,USPS,"9613 Highland Ave, Seattle, WA 98101"
#27722,Laura White,laura.white42@outlook.com,Wireless Mouse,WM-100,3,149.97,2025-11-29,cancelled,,,"5087 Meadow Ln, Anaheim, CA 92801"
#37046,Pamela Anderson,pamela.anderson22@hotmail.com,Ergonomic Chair,EC-900,1,299.99,2026-03-16,shipped,57339387607102,LaserShip,"1695 Washington Blvd, Oklahoma City, OK 73101"
#42890,Debra Green,debra.green59@proton.me,Fitness Tracker,FT-120,2,179.98,2026-04-17,shipped,1Z1074059352764899,UPS,"3545 Valley Rd, Springfield, IL 62701"
#69500,Jennifer Myers,jennifer.myers57@yahoo.com,Wireless Mouse,WM-100,1,49.99,2026-05-13,processing,,,"6824 Main St, Louisville, KY 40201"
#35762,Gregory Henderson,gregory.henderson96@gmail.com,Wireless Mouse,WM-100,2,99.98,2025-12-19,delivered,1Z4808748583484802,UPS,"5453 Washington Blvd, Corpus Christi, TX 78401"
#86574,Stephanie Sanchez,stephanie.sanchez80@hotmail.com,Whiteboard Markers Set,WMS-140,2,25.98,2026-01-30,processing,,,"9286 Broadway, Tucson, AZ 85701"
#45170,Andrew Perry,andrew.perry96@icloud.com,Green Screen,GS-127,2,91.98,2026-01-06,out_for_delivery,99307071521991,OnTrac,"2455 Forest Dr, Kansas City, MO 64101"
#69744,Eric Walker,eric.walker22@proton.me,Mechanical Keyboard,MK-200,3,269.97,2026-05-07,out_for_delivery,41288998340909,Amazon Logistics,"1851 Summit Ave, Boston, MA 02101"
#29803,Cynthia Rogers,cynthia.rogers82@gmail.com,Gaming Mouse,GM-122,4,279.96,2026-01-22,shipped,35779831933616,OnTrac,"5345 Oak Ave, Memphis, TN 38101"
#49660,Elizabeth Wilson,elizabeth.wilson27@icloud.com,Earbuds Pro,EP-121,2,199.98,2026-03-06,processing,,,"1199 Park Ave, Houston, TX 77001"
#13366,Elizabeth Myers,elizabeth.myers99@yahoo.com,Smart Bulb Pack,SBP-114,4,159.96,2026-03-22,processing,,,"6332 Highland Ave, Sacramento, CA 95814"
#34443,Rebecca Murphy,rebecca.murphy29@outlook.com,Smart Bulb Pack,SBP-114,3,119.97,2025-12-31,delivered,16168628538357,Amazon Logistics,"6025 Lake Dr, Honolulu, HI 96801"
#83168,Brenda Morris,brenda.morris70@icloud.com,Planner 2026,PL-141,2,39.98,2026-04-11,shipped,1Z0103868941135906,UPS,"4514 Sunset Blvd, Los Angeles, CA 90001"
#37520,Helen Sullivan,helen.sullivan69@icloud.com,Gaming Headset,GH-123,1,119.99,2025-11-27,shipped,89405223263557,OnTrac,"4654 Maple Dr, Denver, CO 80201"
#68527,Justin Reyes,justin.reyes99@icloud.com,Air Purifier,AP-115,3,389.97,2026-04-03,pending,,,"8371 Summit Ave, Arlington, TX 76001"
#75683,Scott Kelly,scott.kelly37@gmail.com,Smartphone Gimbal,SG-129,4,439.96,2026-03-15,shipped,9763767131,DHL,"6553 Park Ave, Anaheim, CA 92801"
#40415,Kevin Harris,kevin.harris71@outlook.com,Smartphone Gimbal,SG-129,1,109.99,2026-01-27,processing,,,"362 Maple Dr, Atlanta, GA 30301"
#74860,Patrick Gonzalez,patrick.gonzalez41@outlook.com,Laminator,LAM-138,1,39.99,2026-05-02,out_for_delivery,1Z2680561196925043,UPS,"6196 Highland Ave, San Diego, CA 92101"
#74852,Janet Gray,janet.gray11@icloud.com,Webcam HD 1080p,WC-500,2,159.98,2026-04-17,delivered,73118761900063,Amazon Logistics,"6905 Sunset Blvd, Albuquerque, NM 87101"
#43920,Rebecca Morales,rebecca.morales12@yahoo.com,Noise Cancelling Headphones,NCH-600,2,259.98,2026-03-20,delivered,36809979994872512970,USPS,"182 Broadway, Springfield, IL 62701"
#69669,Debra Barnes,debra.barnes54@yahoo.com,Noise Cancelling Headphones,NCH-600,1,129.99,2026-04-24,delivered,3819454402,DHL,"2498 Forest Dr, San Jose, CA 95101"
#57417,Nicholas Ward,nicholas.ward90@gmail.com,Notebook Hardcover,NB-142,3,44.97,2025-12-31,processing,,,"9885 Elm St, Houston, TX 77001"
#52936,Richard Hall,richard.hall81@gmail.com,Stapler Heavy Duty,SHD-139,2,49.98,2026-04-27,shipped,11256792092866567440,USPS,"189 Summit Ave, Oklahoma City, OK 73101"
#76313,Benjamin Powell,benjamin.powell94@proton.me,4K Webcam,4KW-112,4,599.96,2026-03-11,shipped,916700777856,FedEx,"8444 Sunset Blvd, Columbus, OH 43085"
#39373,Sharon Adams,sharon.adams23@yahoo.com,Power Bank 20000mAh,PB-118,4,199.96,2026-04-23,delivered,1Z9557510941792065,UPS,"4774 Maple Dr, Baltimore, MD 21201"
#40370,Patrick Miller,patrick.miller2@proton.me,Green Screen,GS-127,1,45.99,2026-04-03,shipped,31622774205570,LaserShip,"8588 Sunset Blvd, Baltimore, MD 21201"
#65927,Anthony Diaz,anthony.diaz32@hotmail.com,Smartphone Gimbal,SG-129,3,329.97,2026-04-30,returned,010256630824,FedEx,"8804 Pine Rd, Memphis, TN 38101"
#14098,Edward Lopez,edward.lopez45@icloud.com,Standing Desk Mat,SDM-101,2,111.98,2026-03-26,shipped,85616449226820,LaserShip,"8106 Highland Ave, Arlington, TX 76001"
#61747,Jennifer Rodriguez,jennifer.rodriguez72@gmail.com,Webcam HD 1080p,WC-500,2,159.98,2026-02-15,delivered,11235924329466,Amazon Logistics,"8737 Park Ave, Albuquerque, NM 87101"
#91698,Thomas Clark,thomas.clark30@yahoo.com,Standing Desk Mat,SDM-101,1,55.99,2025-12-07,delivered,1Z2713639165145545,UPS,"8306 Summit Ave, Austin, TX 73301"
#39266,Shirley King,shirley.king14@yahoo.com,Cable Management Box,CMB-108,3,74.97,2025-12-08,pending,,,"5808 River Rd, Baltimore, MD 21201"
#11602,Sandra Carter,sandra.carter50@proton.me,Noise Cancelling Headphones,NCH-600,1,129.99,2026-04-02,out_for_delivery,81035719702198,LaserShip,"2774 Elm St, Baltimore, MD 21201"
#69904,Daniel Gray,daniel.gray84@proton.me,Fitness Tracker,FT-120,4,359.96,2026-01-07,cancelled,,,"3230 Park Ave, Honolulu, HI 96801"
#54116,Rebecca Miller,rebecca.miller93@yahoo.com,Wireless Charger,WCH-103,1,29.99,2026-05-05,out_for_delivery,97938220313963,LaserShip,"4051 Elm St, Kansas City, MO 64101"
#13878,Amanda Roberts,amanda.roberts49@proton.me,Smartwatch,SW-119,3,599.97,2025-12-29,shipped,54136431257839,LaserShip,"7016 River Rd, Cleveland, OH 44101"
#30908,Linda Hill,linda.hill73@hotmail.com,Power Bank 20000mAh,PB-118,3,149.97,2026-04-14,delivered,46546574429997,OnTrac,"8214 River Rd, San Jose, CA 95101"
#53201,Jennifer James,jennifer.james80@gmail.com,Laptop Backpack,LB-117,4,319.96,2026-02-25,shipped,317508335293,FedEx,"2357 Lakeview Dr, Boston, MA 02101"
#81974,Alexander Gonzalez,alexander.gonzalez98@yahoo.com,Noise Cancelling Headphones,NCH-600,4,519.96,2026-03-14,shipped,01264058833589775580,USPS,"1674 Pine Rd, Bakersfield, CA 93301"
#16003,Dennis Bennett,dennis.bennett32@proton.me,Gaming Mouse,GM-122,2,139.98,2026-01-31,shipped,17135562578902,OnTrac,"936 Main St, San Diego, CA 92101"
#21720,Shirley Sanders,shirley.sanders32@yahoo.com,Laptop Stand,LS-700,4,183.96,2026-03-03,shipped,96752194589074,OnTrac,"1963 Forest Dr, Oklahoma City, OK 73101"
#67727,Michael Hernandez,michael.hernandez26@proton.me,Tripod Stand,TS-128,4,159.96,2026-04-18,cancelled,,,"2444 Maple Dr, Atlanta, GA 30301"
#79542,John Collins,john.collins61@gmail.com,Planner 2026,PL-141,3,59.97,2026-03-15,processing,,,"4540 Park Ave, Houston, TX 77001"
#68422,Paul Lee,paul.lee5@outlook.com,Phone Stand,PS-107,2,29.98,2026-03-09,pending,,,"258 Lake Dr, Philadelphia, PA 19101"
#61534,Linda Thompson,linda.thompson35@proton.me,Power Bank 20000mAh,PB-118,1,49.99,2025-12-15,delivered,56473140067953,LaserShip,"3223 River Rd, Austin, TX 73301"
#86070,Richard Butler,richard.butler1@yahoo.com,Stapler Heavy Duty,SHD-139,1,24.99,2026-05-05,delivered,2314230320,DHL,"6898 Summit Ave, Springfield, IL 62701"
#64128,David Murphy,david.murphy55@icloud.com,Desk Organizer,DO-116,3,83.97,2025-12-29,delivered,58370531320311260143,USPS,"9899 Cedar Ln, Boston, MA 02101"
#27364,Jason Watson,jason.watson74@hotmail.com,RAM 16GB DDR4,RAM-132,1,59.99,2026-02-08,shipped,321244461069,FedEx,"2006 Park Ave, Indianapolis, IN 46201"
#57198,Brian Lopez,brian.lopez40@gmail.com,Smart Bulb Pack,SBP-114,3,119.97,2026-03-13,delivered,00114177084125,OnTrac,"5779 Elm St, Salt Lake City, UT 84101"
#20186,Heather Hill,heather.hill61@gmail.com,LED Desk Lamp,LDL-800,2,69.98,2026-02-23,shipped,27410244516955835757,USPS,"9920 Meadow Ln, Bakersfield, CA 93301"
#66530,Raymond Phillips,raymond.phillips83@gmail.com,NVMe SSD 500GB,NVM-131,1,79.99,2026-01-28,out_for_delivery,33098143550516,OnTrac,"7751 Oak Ave, Atlanta, GA 30301"
#77575,Amy Williams,amy.williams15@gmail.com,Fitness Tracker,FT-120,1,89.99,2026-05-14,delivered,06180151688528,Amazon Logistics,"4989 Washington Blvd, Los Angeles, CA 90001"
#45680,Dorothy Hughes,dorothy.hughes68@proton.me,4K Webcam,4KW-112,3,449.97,2026-01-12,shipped,49262603141657,OnTrac,"8389 Meadow Ln, Columbus, OH 43085"
#90141,Samuel Diaz,samuel.diaz79@gmail.com,Monitor Stand,MS-400,2,119.98,2026-01-13,delivered,1778912260,DHL,"3847 Maple Dr, Oklahoma City, OK 73101"
#44938,Ryan Young,ryan.young98@outlook.com,Phone Stand,PS-107,3,44.97,2026-01-01,shipped,84921412074798,OnTrac,"927 Oak Ave, Boston, MA 02101"
#36201,Sarah Gonzalez,sarah.gonzalez29@hotmail.com,Cable Organizer Kit,COK-134,3,53.97,2026-03-26,delivered,1Z5431738316019462,UPS,"804 River Rd, Columbus, OH 43085"
#76602,David Ramirez,david.ramirez65@hotmail.com,Bluetooth Speaker,BS-106,4,279.96,2026-04-11,delivered,35295864647028,LaserShip,"752 Maple Dr, St. Louis, MO 63101"
#83807,Jennifer Lewis,jennifer.lewis52@yahoo.com,Smartphone Gimbal,SG-129,2,219.98,2026-01-04,shipped,90091639830129,OnTrac,"6662 Lake Dr, Salt Lake City, UT 84101"
#19565,Maria Martinez,maria.martinez40@yahoo.com,NVMe SSD 500GB,NVM-131,4,319.96,2025-11-25,delivered,67613487150998,OnTrac,"167 Maple Dr, Miami, FL 33101"
#76779,Jason Barnes,jason.barnes77@outlook.com,Wireless Mouse,WM-100,4,199.96,2026-02-28,shipped,83925786663071,LaserShip,"2328 Broadway, Philadelphia, PA 19101"
#10229,Rebecca Miller,rebecca.miller16@icloud.com,Mechanical Keyboard,MK-200,1,89.99,2026-04-11,shipped,75706052668547,LaserShip,"6318 Washington Blvd, Houston, TX 77001"
#10360,Mark Phillips,mark.phillips6@hotmail.com,Fitness Tracker,FT-120,1,89.99,2026-03-29,pending,,,"7527 River Rd, Anaheim, CA 92801"
#60371,Debra Perry,debra.perry50@outlook.com,Bluetooth Speaker,BS-106,4,279.96,2026-03-31,delivered,43574529816861,OnTrac,"4759 Washington Blvd, Salt Lake City, UT 84101"
#16188,Karen Hill,karen.hill46@icloud.com,Fitness Tracker,FT-120,1,89.99,2026-02-07,delivered,1Z2511984843166944,UPS,"289 Hillside Rd, Cleveland, OH 44101"
#55918,Amy Evans,amy.evans33@hotmail.com,Surge Protector,SP2-135,4,131.96,2026-04-08,shipped,603854994673,FedEx,"6226 Broadway, Philadelphia, PA 19101"
#57735,Brian Wood,brian.wood19@hotmail.com,Fitness Tracker,FT-120,2,179.98,2026-03-21,delivered,31809048737680,OnTrac,"3961 Sunset Blvd, Omaha, NE 68101"
#88919,Emma Nelson,emma.nelson53@outlook.com,Whiteboard Markers Set,WMS-140,4,51.96,2025-12-01,returned,23209166681122,Amazon Logistics,"3057 Park Ave, Atlanta, GA 30301"
#92965,Debra Jones,debra.jones95@outlook.com,Bluetooth Speaker,BS-106,3,209.97,2025-12-07,processing,,,"1151 Meadow Ln, Los Angeles, CA 90001"
#11548,Katherine Lopez,katherine.lopez29@yahoo.com,Ring Light 10inch,RL-105,4,199.96,2026-05-14,processing,,,"6451 River Rd, Salt Lake City, UT 84101"
#76271,Gary Hughes,gary.hughes10@proton.me,Earbuds Pro,EP-121,1,99.99,2026-03-11,delivered,2105671018,DHL,"8860 Lakeview Dr, San Diego, CA 92101"
#32131,Samantha Lopez,samantha.lopez30@outlook.com,Laminator,LAM-138,3,119.97,2026-04-06,out_for_delivery,81377989439694,OnTrac,"137 Meadow Ln, Tucson, AZ 85701"
#32106,Melissa Adams,melissa.adams57@gmail.com,Smartwatch,SW-119,4,799.96,2026-04-05,shipped,1Z2611965113000910,UPS,"6350 Willow Way, Raleigh, NC 27601"
#28177,Amanda Ward,amanda.ward65@yahoo.com,Wireless Mouse,WM-100,1,49.99,2026-01-23,delivered,1526028092,DHL,"3629 River Rd, Salt Lake City, UT 84101"
#44635,Dorothy Peterson,dorothy.peterson35@hotmail.com,Mechanical Keyboard,MK-200,1,89.99,2026-04-01,out_for_delivery,54266818592705,LaserShip,"5334 Main St, Pittsburgh, PA 15201"
#53821,Jennifer Richardson,jennifer.richardson6@yahoo.com,Drawing Tablet,DT-111,1,159.99,2026-01-15,delivered,1Z1820048966040013,UPS,"4549 Forest Dr, Baltimore, MD 21201"
#75131,Matthew Allen,matthew.allen49@gmail.com,Mouse Pad XL,MPX-109,1,22.99,2026-02-19,cancelled,,,"8424 Highland Ave, Phoenix, AZ 85001"
#66161,Patricia Barnes,patricia.barnes3@icloud.com,Fitness Tracker,FT-120,4,359.96,2026-03-08,delivered,04424363968641,Amazon Logistics,"6258 River Rd, San Diego, CA 92101"
#15111,George Stewart,george.stewart56@outlook.com,Mouse Pad XL,MPX-109,2,45.98,2025-12-12,pending,,,"1676 Summit Ave, Bakersfield, CA 93301"
#59137,Carol Butler,carol.butler47@yahoo.com,Shredder,SH-137,2,179.98,2026-02-15,shipped,25144404449213,OnTrac,"976 Pine Rd, Portland, OR 97201"
#31718,Joshua Torres,joshua.torres50@proton.me,Smartwatch,SW-119,2,399.98,2026-01-26,shipped,8023119354,DHL,"2772 Oak Ave, Omaha, NE 68101"
#25342,Stephanie Green,stephanie.green67@icloud.com,Ring Light 10inch,RL-105,2,99.98,2026-03-16,delivered,55455377619794,OnTrac,"4304 Highland Ave, Cleveland, OH 44101"
#80558,Sandra Robinson,sandra.robinson38@hotmail.com,Ring Light 10inch,RL-105,1,49.99,2026-04-02,shipped,85719387272262,Amazon Logistics,"7141 Summit Ave, Raleigh, NC 27601"
#85845,Susan Smith,susan.smith42@yahoo.com,Monitor Stand,MS-400,2,119.98,2025-12-02,delivered,80164248911669,LaserShip,"8809 Lake Dr, Denver, CO 80201"
#20769,Angela Bennett,angela.bennett58@yahoo.com,Docking Station,DS-125,4,599.96,2026-04-04,processing,,,"5978 Hillside Rd, Philadelphia, PA 19101"
#87535,Donna Walker,donna.walker79@outlook.com,Webcam HD 1080p,WC-500,4,319.96,2026-05-06,delivered,243426337364,FedEx,"5372 Park Ave, Chicago, IL 60601"
#67179,Patrick Ward,patrick.ward20@proton.me,Wireless Mouse,WM-100,1,49.99,2026-03-04,delivered,15415317228070,Amazon Logistics,"8410 River Rd, Memphis, TN 38101"
#39450,Helen Murphy,helen.murphy96@outlook.com,Wireless Charger,WCH-103,2,59.98,2026-04-05,shipped,54099109069186,OnTrac,"7811 Oak Ave, Baltimore, MD 21201"
#90792,Joshua Campbell,joshua.campbell41@proton.me,LED Desk Lamp,LDL-800,4,139.96,2026-05-14,processing,,,"7754 Highland Ave, San Francisco, CA 94101"
#80712,Barbara Fisher,barbara.fisher28@yahoo.com,Portable Monitor,PM-130,2,499.98,2026-03-13,delivered,1Z5750472508596027,UPS,"4013 Broadway, Honolulu, HI 96801"
#70923,Eric Campbell,eric.campbell20@hotmail.com,Wireless Mouse,WM-100,3,149.97,2026-02-19,delivered,770493078796,FedEx,"8145 Highland Ave, Richmond, VA 23218"
#43992,Katherine Johnson,katherine.johnson69@hotmail.com,Smart Bulb Pack,SBP-114,3,119.97,2026-05-21,delivered,79193938641932,OnTrac,"3700 Cedar Ln, Springfield, IL 62701"
#90353,Jack Nelson,jack.nelson90@icloud.com,Noise Cancelling Headphones,NCH-600,1,129.99,2025-11-27,returned,15371246819171,LaserShip,"9798 Main St, Arlington, TX 76001"
#41081,Jacob Russell,jacob.russell78@hotmail.com,Drawing Tablet,DT-111,4,639.96,2026-01-20,delivered,12017095713732,LaserShip,"2271 Lake Dr, Seattle, WA 98101"
#33912,Brenda Adams,brenda.adams17@icloud.com,Smart Bulb Pack,SBP-114,1,39.99,2026-04-09,delivered,070668354264,FedEx,"1367 Broadway, Charlotte, NC 28201"
#17108,Maria Gutierrez,maria.gutierrez28@icloud.com,Smart Bulb Pack,SBP-114,2,79.98,2026-03-29,shipped,349742767431,FedEx,"2671 Pine Rd, Omaha, NE 68101"
#64898,Nancy Foster,nancy.foster77@gmail.com,Cable Management Box,CMB-108,3,74.97,2025-12-10,shipped,570124697842,FedEx,"3384 Oak Ave, Kansas City, MO 64101"
#34388,Emily Gray,emily.gray98@yahoo.com,CPU Cooler,CC-133,4,199.96,2026-05-15,shipped,82902849627246263736,USPS,"6936 Main St, Jacksonville, FL 32099"
#83135,Michelle Ramirez,michelle.ramirez28@proton.me,USB-C Hub,UCH-300,3,119.97,2025-12-27,delivered,46287987772002,Amazon Logistics,"2497 Pine Rd, Miami, FL 33101"
#99678,Katherine Gray,katherine.gray10@outlook.com,Green Screen,GS-127,3,137.97,2026-04-26,delivered,582367279515,FedEx,"875 Main St, Salt Lake City, UT 84101"
#77340,Jonathan Adams,jonathan.adams36@hotmail.com,Gaming Mouse,GM-122,4,279.96,2026-04-26,delivered,21837925200636713855,USPS,"509 Washington Blvd, Richmond, VA 23218"
#73991,Eric Allen,eric.allen17@icloud.com,Gaming Mouse,GM-122,2,139.98,2026-02-19,shipped,6164743658,DHL,"5676 Broadway, Cincinnati, OH 45201"
#95843,Matthew Sanchez,matthew.sanchez7@gmail.com,Cable Management Box,CMB-108,1,24.99,2026-03-10,processing,,,"1563 Washington Blvd, Richmond, VA 23218"
#48152,Gary Nelson,gary.nelson5@gmail.com,Mini Projector,MP-113,2,399.98,2026-02-17,shipped,1138628347,DHL,"7343 Washington Blvd, Atlanta, GA 30301"
#44870,Kenneth Morgan,kenneth.morgan29@hotmail.com,Laminator,LAM-138,1,39.99,2026-04-15,out_for_delivery,9265423674,DHL,"252 Park Ave, Bakersfield, CA 93301"
#92695,Timothy Turner,timothy.turner53@yahoo.com,Smart Plug,SP-104,2,39.98,2026-05-15,delivered,5649266207,DHL,"8424 Cedar Ln, San Francisco, CA 94101"
#40228,Robert Williams,robert.williams7@yahoo.com,Planner 2026,PL-141,3,59.97,2026-01-15,delivered,63144455747247270426,USPS,"4342 Highland Ave, Kansas City, MO 64101"
#51200,Sandra Butler,sandra.butler71@icloud.com,NVMe SSD 500GB,NVM-131,1,79.99,2026-05-18,delivered,1Z1633907264586115,UPS,"2359 Lake Dr, Anaheim, CA 92801"
#77506,Dorothy Hernandez,dorothy.hernandez78@hotmail.com,Surge Protector,SP2-135,1,32.99,2026-03-08,shipped,1Z3083687992517554,UPS,"5576 Washington Blvd, Arlington, TX 76001"
#16648,Nancy Jones,nancy.jones57@hotmail.com,Bluetooth Speaker,BS-106,4,279.96,2025-12-10,delivered,19422749639246,OnTrac,"4951 Pine Rd, Seattle, WA 98101"
#44366,Carol Sullivan,carol.sullivan28@outlook.com,Smartphone Gimbal,SG-129,4,439.96,2026-05-03,shipped,2929252111,DHL,"8137 Maple Dr, Bakersfield, CA 93301"
#50537,Janet Carter,janet.carter14@proton.me,Cable Organizer Kit,COK-134,2,35.98,2025-12-09,processing,,,"2501 Lake Dr, Miami, FL 33101"
#98813,James Brown,james.brown63@yahoo.com,Smart Plug,SP-104,4,79.96,2026-01-10,pending,,,"8945 Park Ave, Atlanta, GA 30301"
#80419,Steven Lee,steven.lee45@yahoo.com,Desk Organizer,DO-116,4,111.96,2026-04-10,delivered,831570174506,FedEx,"4316 Valley Rd, St. Louis, MO 63101"
#26517,Carolyn Ramirez,carolyn.ramirez82@icloud.com,Webcam HD 1080p,WC-500,1,79.99,2026-04-29,shipped,53309470697707,OnTrac,"2813 Willow Way, Salt Lake City, UT 84101"
#55044,Karen Adams,karen.adams60@outlook.com,Cable Management Box,CMB-108,4,99.96,2025-12-04,delivered,392681200375,FedEx,"650 Highland Ave, Arlington, TX 76001"
#11646,Scott Campbell,scott.campbell79@hotmail.com,Smartphone Gimbal,SG-129,4,439.96,2026-01-19,returned,88754164750057,Amazon Logistics,"487 Cedar Ln, Albuquerque, NM 87101"
#74588,Michael White,michael.white51@hotmail.com,Cable Organizer Kit,COK-134,2,35.98,2025-12-16,shipped,58056296178550,Amazon Logistics,"8422 Pine Rd, San Francisco, CA 94101"
#49136,Amanda Lopez,amanda.lopez70@icloud.com,Capture Card,CC-126,2,179.98,2026-03-21,processing,,,"7114 Main St, Philadelphia, PA 19101"
#58878,Kathleen Cook,kathleen.cook13@icloud.com,Smartphone Gimbal,SG-129,1,109.99,2026-02-07,delivered,30204759519187,Amazon Logistics,"3975 Forest Dr, Denver, CO 80201"
#23525,Edward Thomas,edward.thomas55@gmail.com,Cable Management Box,CMB-108,4,99.96,2026-02-18,processing,,,"5280 Highland Ave, Philadelphia, PA 19101"
#21095,Cynthia Kelly,cynthia.kelly6@icloud.com,Ring Light 10inch,RL-105,2,99.98,2026-04-06,delivered,82127278496125,Amazon Logistics,"7950 Elm St, Aurora, CO 80010"
#60728,James Diaz,james.diaz90@gmail.com,Mechanical Numpad,MN-124,2,111.98,2026-02-03,shipped,13774206305414,LaserShip,"8637 Cedar Ln, Charlotte, NC 28201"
#11279,Janet Cooper,janet.cooper97@proton.me,LED Desk Lamp,LDL-800,3,104.97,2026-01-23,out_for_delivery,8287495874,DHL,"495 Lakeview Dr, Philadelphia, PA 19101"
#67673,Jacob Adams,jacob.adams70@yahoo.com,Mechanical Numpad,MN-124,3,167.97,2026-03-10,pending,,,"9307 Pine Rd, Boston, MA 02101"
#43970,Heather Perez,heather.perez59@hotmail.com,Gaming Headset,GH-123,3,359.97,2026-01-18,processing,,,"5528 Hillside Rd, Jacksonville, FL 32099"
#71383,William Scott,william.scott76@hotmail.com,Stapler Heavy Duty,SHD-139,4,99.96,2026-02-25,pending,,,"5587 Lakeview Dr, Atlanta, GA 30301"
#26286,Stephen Walker,stephen.walker33@hotmail.com,Desk Organizer,DO-116,2,55.98,2026-02-03,shipped,83498793547492,LaserShip,"5938 Main St, El Paso, TX 79901"
#24253,Rebecca Perez,rebecca.perez18@hotmail.com,Laptop Backpack,LB-117,3,239.97,2026-01-09,shipped,3442337756,DHL,"1030 Valley Rd, Baltimore, MD 21201"
#70304,Helen Russell,helen.russell50@icloud.com,Wireless Charger,WCH-103,3,89.97,2026-02-08,shipped,8037179201,DHL,"6036 Forest Dr, Corpus Christi, TX 78401"
#35390,Alexander Clark,alexander.clark36@hotmail.com,Air Purifier,AP-115,3,389.97,2026-02-18,shipped,42772692191771,Amazon Logistics,"3193 Pine Rd, Louisville, KY 40201"
#84843,Katherine Watson,katherine.watson99@hotmail.com,Surge Protector,SP2-135,4,131.96,2026-02-09,returned,5728494945,DHL,"6906 Hillside Rd, Charlotte, NC 28201"
#93747,Sandra Thomas,sandra.thomas78@icloud.com,Bluetooth Speaker,BS-106,2,139.98,2026-03-07,delivered,652850518907,FedEx,"9556 Valley Rd, Tampa, FL 33601"
#59967,Helen Lopez,helen.lopez17@outlook.com,Webcam HD 1080p,WC-500,1,79.99,2026-03-06,processing,,,"3112 Oak Ave, Minneapolis, MN 55401"
#99664,Jerry Edwards,jerry.edwards97@gmail.com,Drawing Tablet,DT-111,1,159.99,2025-12-11,processing,,,"3545 Valley Rd, Houston, TX 77001"
#93685,Jennifer Henderson,jennifer.henderson99@yahoo.com,Label Maker,LM-136,1,44.99,2026-02-02,delivered,63321632411041,LaserShip,"182 Summit Ave, Cleveland, OH 44101"
#22475,Janet Bell,janet.bell88@yahoo.com,Mouse Pad XL,MPX-109,4,91.96,2026-03-20,out_for_delivery,03092178372568301946,USPS,"4498 Pine Rd, Aurora, CO 80010"
#57197,Cynthia Martin,cynthia.martin30@outlook.com,CPU Cooler,CC-133,1,49.99,2026-02-07,delivered,04836471151891310062,USPS,"4286 Sunset Blvd, Baltimore, MD 21201"
#70933,Jonathan Wright,jonathan.wright52@yahoo.com,NVMe SSD 500GB,NVM-131,3,239.97,2026-01-08,delivered,422706180552,FedEx,"5903 Pine Rd, Tucson, AZ 85701"
#94127,Nancy Kelly,nancy.kelly89@hotmail.com,USB Microphone,UM-110,4,359.96,2026-02-10,processing,,,"1708 Lakeview Dr, St. Louis, MO 63101"
#39804,Nancy Cox,nancy.cox9@hotmail.com,Label Maker,LM-136,2,89.98,2025-12-22,delivered,1Z3937057832325829,UPS,"2253 Meadow Ln, Memphis, TN 38101"
#54749,Patrick Nelson,patrick.nelson55@hotmail.com,Webcam HD 1080p,WC-500,4,319.96,2025-11-22,shipped,599250003034,FedEx,"7406 Forest Dr, Cincinnati, OH 45201"
#53303,Gary Bailey,gary.bailey3@yahoo.com,Monitor Stand,MS-400,2,119.98,2026-03-16,shipped,22810573708698,Amazon Logistics,"727 Sunset Blvd, Nashville, TN 37201"
#22473,David Scott,david.scott10@proton.me,Smart Plug,SP-104,2,39.98,2026-01-05,delivered,6494625880,DHL,"1377 Hillside Rd, Aurora, CO 80010"
#84110,Michael Thomas,michael.thomas72@yahoo.com,Smartphone Gimbal,SG-129,1,109.99,2026-04-16,delivered,64369904916053,OnTrac,"4279 Meadow Ln, Honolulu, HI 96801"
#74566,Maria Hall,maria.hall27@proton.me,Notebook Hardcover,NB-142,2,29.98,2026-01-10,delivered,67323742133754,Amazon Logistics,"5545 Pine Rd, Honolulu, HI 96801"
#59926,Jeffrey Ortiz,jeffrey.ortiz98@outlook.com,RAM 16GB DDR4,RAM-132,2,119.98,2026-01-21,delivered,13506190619377,LaserShip,"6389 Hillside Rd, Atlanta, GA 30301"
#83065,Helen White,helen.white34@yahoo.com,4K Webcam,4KW-112,1,149.99,2026-01-17,delivered,03156595004079,LaserShip,"5207 Summit Ave, Springfield, IL 62701"
#91316,Jessica Stewart,jessica.stewart14@icloud.com,RAM 16GB DDR4,RAM-132,2,119.98,2026-01-31,processing,,,"2008 Lakeview Dr, Los Angeles, CA 90001"
#43734,Christine Young,christine.young50@outlook.com,Wireless Mouse,WM-100,3,149.97,2026-03-12,cancelled,,,"5834 Main St, Philadelphia, PA 19101"
#12946,Jessica Cruz,jessica.cruz67@icloud.com,Smartwatch,SW-119,1,199.99,2025-12-30,delivered,71965168530403,Amazon Logistics,"7177 Meadow Ln, San Francisco, CA 94101"
#44307,Jason Johnson,jason.johnson51@hotmail.com,Docking Station,DS-125,2,299.98,2026-01-15,shipped,76692471443269,Amazon Logistics,"4595 Willow Way, New Orleans, LA 70112"
#37773,Amanda Martin,amanda.martin59@proton.me,Stapler Heavy Duty,SHD-139,2,49.98,2025-12-30,delivered,97100346450775795678,USPS,"3108 Lake Dr, Oklahoma City, OK 73101"
#53082,Amy Gray,amy.gray61@yahoo.com,Mechanical Keyboard,MK-200,1,89.99,2026-04-20,shipped,95068423816381,LaserShip,"7716 Maple Dr, Denver, CO 80201"
#30421,Debra Martinez,debra.martinez82@proton.me,Standing Desk Mat,SDM-101,3,167.97,2026-01-01,pending,,,"4278 Maple Dr, Atlanta, GA 30301"
#48667,Jack Gray,jack.gray30@proton.me,Mechanical Keyboard,MK-200,1,89.99,2025-12-29,delivered,439328920182,FedEx,"5058 Maple Dr, Jacksonville, FL 32099"
#68199,Lisa Collins,lisa.collins20@icloud.com,Smart Plug,SP-104,4,79.96,2026-01-18,out_for_delivery,0782038288,DHL,"7718 Pine Rd, Albuquerque, NM 87101"
#54142,Mary King,mary.king57@yahoo.com,Shredder,SH-137,2,179.98,2026-04-22,pending,,,"8709 Lake Dr, Las Vegas, NV 89101"
#38124,James Diaz,james.diaz38@yahoo.com,Mechanical Keyboard,MK-200,3,269.97,2026-01-06,out_for_delivery,13760047684877853961,USPS,"5654 Park Ave, Portland, OR 97201"
#60677,Deborah Bell,deborah.bell17@proton.me,Shredder,SH-137,2,179.98,2026-02-14,shipped,0016650298,DHL,"7005 Lake Dr, Charlotte, NC 28201"
#58550,Helen Fisher,helen.fisher60@hotmail.com,Mini Projector,MP-113,1,199.99,2026-03-20,shipped,06758826844655,OnTrac,"6818 Broadway, Miami, FL 33101"
#85842,Donna Martin,donna.martin12@yahoo.com,Power Bank 20000mAh,PB-118,1,49.99,2026-03-13,pending,,,"9535 Pine Rd, Philadelphia, PA 19101"
#96460,Dorothy Bailey,dorothy.bailey45@hotmail.com,Drawing Tablet,DT-111,2,319.98,2026-03-23,delivered,79460346083633,OnTrac,"5243 Sunset Blvd, Honolulu, HI 96801"
#94380,Samantha Nelson,samantha.nelson58@icloud.com,USB-C Hub,UCH-300,4,159.96,2025-12-03,delivered,40092371613662,LaserShip,"6537 Elm St, Atlanta, GA 30301"
#88249,Mary Johnson,mary.johnson17@yahoo.com,Stapler Heavy Duty,SHD-139,3,74.97,2026-02-11,pending,,,"2937 Oak Ave, San Diego, CA 92101"
#25134,Carolyn Anderson,carolyn.anderson7@yahoo.com,Portable Monitor,PM-130,4,999.96,2026-01-13,delivered,39651305159378,OnTrac,"2698 Lakeview Dr, Richmond, VA 23218"
#56331,Anna Garcia,anna.garcia46@outlook.com,Bluetooth Speaker,BS-106,1,69.99,2026-04-19,delivered,54028108032360,LaserShip,"5774 Forest Dr, Richmond, VA 23218"
#98974,Lisa Davis,lisa.davis68@yahoo.com,Smart Plug,SP-104,3,59.97,2025-12-04,delivered,1Z7209986718238975,UPS,"793 Sunset Blvd, Denver, CO 80201"
#92524,Gary Jackson,gary.jackson56@gmail.com,Portable Monitor,PM-130,1,249.99,2025-12-21,delivered,7254457017,DHL,"4093 Sunset Blvd, Salt Lake City, UT 84101"
#42346,Shirley Ortiz,shirley.ortiz12@icloud.com,Ring Light 10inch,RL-105,4,199.96,2025-12-13,shipped,13638267249488,LaserShip,"4409 Valley Rd, Cleveland, OH 44101"
#95536,Anthony Anderson,anthony.anderson10@hotmail.com,Docking Station,DS-125,4,599.96,2025-12-08,processing,,,"9059 Valley Rd, Albuquerque, NM 87101"
#52506,Thomas Wood,thomas.wood25@gmail.com,Smartwatch,SW-119,3,599.97,2026-03-10,delivered,65029341056489,Amazon Logistics,"8489 Forest Dr, Detroit, MI 48201"
#36525,Eric Scott,eric.scott39@icloud.com,Portable SSD 1TB,SSD-102,4,439.96,2025-12-16,shipped,1Z5334390262078760,UPS,"1183 Pine Rd, Arlington, TX 76001"
#55729,Michelle Price,michelle.price46@outlook.com,Notebook Hardcover,NB-142,4,59.96,2026-03-22,delivered,17485435756309,OnTrac,"6295 Highland Ave, Anaheim, CA 92801"
#75749,Jack Flores,jack.flores62@outlook.com,Portable Monitor,PM-130,2,499.98,2026-01-22,delivered,65799052097122452689,USPS,"7528 Lake Dr, Miami, FL 33101"
#31363,Susan Taylor,susan.taylor31@icloud.com,Mechanical Numpad,MN-124,1,55.99,2026-03-06,shipped,291997687481,FedEx,"5305 Valley Rd, Indianapolis, IN 46201"
#21055,Cynthia Jackson,cynthia.jackson9@icloud.com,Ergonomic Chair,EC-900,1,299.99,2026-01-15,shipped,18117225687994,Amazon Logistics,"9566 Valley Rd, Columbus, OH 43085"
#62657,Mark Wilson,mark.wilson2@yahoo.com,Cable Management Box,CMB-108,1,24.99,2026-04-27,processing,,,"7978 Hillside Rd, New Orleans, LA 70112"
#68148,Steven Mitchell,steven.mitchell31@outlook.com,Smartwatch,SW-119,2,399.98,2026-01-10,shipped,028153873318,FedEx,"6382 Elm St, Tucson, AZ 85701"
#27398,Samuel Scott,samuel.scott18@outlook.com,Earbuds Pro,EP-121,2,199.98,2026-01-15,shipped,38643352576915,OnTrac,"5782 Meadow Ln, Dallas, TX 75201"
#53324,Paul Reyes,paul.reyes16@yahoo.com,Smartphone Gimbal,SG-129,2,219.98,2026-01-26,shipped,1Z7030366351470969,UPS,"535 Maple Dr, Tucson, AZ 85701"
#61318,Stephanie Howard,stephanie.howard27@proton.me,Capture Card,CC-126,1,89.99,2026-03-30,delivered,65434948152876,Amazon Logistics,"5792 Main St, Dallas, TX 75201"
#25319,Christopher Evans,christopher.evans2@hotmail.com,Mechanical Keyboard,MK-200,2,179.98,2025-12-02,shipped,131719805502,FedEx,"3668 Meadow Ln, Richmond, VA 23218"
#82934,Janet Rodriguez,janet.rodriguez48@hotmail.com,Mini Projector,MP-113,2,399.98,2026-02-25,pending,,,"5208 Elm St, San Jose, CA 95101"
#23320,Patricia Hall,patricia.hall83@outlook.com,Mechanical Keyboard,MK-200,1,89.99,2026-04-06,delivered,86195508697124,LaserShip,"3489 Broadway, Pittsburgh, PA 15201"
#87525,Justin Cox,justin.cox88@gmail.com,Portable SSD 1TB,SSD-102,2,219.98,2026-05-11,delivered,23077698701314724518,USPS,"7874 Hillside Rd, Salt Lake City, UT 84101"
#67872,Karen Davis,karen.davis65@outlook.com,Mechanical Numpad,MN-124,1,55.99,2026-03-16,delivered,36661757273179474998,USPS,"8963 Main St, Aurora, CO 80010"
#37442,Kevin Rodriguez,kevin.rodriguez25@icloud.com,Earbuds Pro,EP-121,2,199.98,2026-02-01,delivered,1673104410,DHL,"9958 Summit Ave, Bakersfield, CA 93301"
#52307,Angela Long,angela.long30@hotmail.com,Smart Plug,SP-104,1,19.99,2026-03-01,delivered,03440737278598,Amazon Logistics,"7722 Pine Rd, Cincinnati, OH 45201"
#53993,Stephanie Morgan,stephanie.morgan49@yahoo.com,Air Purifier,AP-115,1,129.99,2026-04-10,shipped,23228133299229,LaserShip,"7030 Lake Dr, Memphis, TN 38101"
#22239,Kevin Butler,kevin.butler65@proton.me,Notebook Hardcover,NB-142,4,59.96,2026-05-16,shipped,3492048893,DHL,"5737 Maple Dr, Aurora, CO 80010"
#89680,Samuel Lewis,samuel.lewis20@yahoo.com,Label Maker,LM-136,3,134.97,2026-05-20,delivered,61925042813865,OnTrac,"9142 Park Ave, Omaha, NE 68101"
#69567,Amy Gomez,amy.gomez33@yahoo.com,Bluetooth Speaker,BS-106,4,279.96,2026-02-17,delivered,28634854627874942017,USPS,"9310 Elm St, Seattle, WA 98101"
#97971,Brandon Lopez,brandon.lopez34@yahoo.com,Gaming Mouse,GM-122,4,279.96,2026-01-23,shipped,1Z4872952275107287,UPS,"3350 Broadway, Indianapolis, IN 46201"
#11648,Frank White,frank.white47@yahoo.com,4K Webcam,4KW-112,2,299.98,2026-01-06,shipped,766759554202,FedEx,"5929 Oak Ave, Corpus Christi, TX 78401"
#85646,Gary Lewis,gary.lewis5@gmail.com,Portable SSD 1TB,SSD-102,3,329.97,2026-01-22,delivered,24843475478004,LaserShip,"8981 Summit Ave, Houston, TX 77001"
#10555,Cynthia Lopez,cynthia.lopez51@yahoo.com,LED Desk Lamp,LDL-800,2,69.98,2026-01-27,delivered,4038531740,DHL,"4333 Sunset Blvd, Las Vegas, NV 89101"
#18346,Kenneth Watson,kenneth.watson19@gmail.com,Mechanical Keyboard,MK-200,2,179.98,2026-05-18,shipped,8029337702,DHL,"9381 Pine Rd, Corpus Christi, TX 78401"
#54566,Helen Rivera,helen.rivera77@gmail.com,Stapler Heavy Duty,SHD-139,1,24.99,2026-02-17,shipped,6084068347,DHL,"9464 Lakeview Dr, Pittsburgh, PA 15201"
#31666,Sandra Clark,sandra.clark59@hotmail.com,Earbuds Pro,EP-121,3,299.97,2026-02-09,delivered,43255107188609,LaserShip,"5942 Elm St, San Jose, CA 95101"
#34578,Sandra Allen,sandra.allen14@icloud.com,Mechanical Keyboard,MK-200,3,269.97,2025-11-27,delivered,1Z4409048638637274,UPS,"2016 Broadway, Tucson, AZ 85701"
#35804,Dennis Fisher,dennis.fisher83@outlook.com,NVMe SSD 500GB,NVM-131,2,159.98,2025-12-26,delivered,95895975737069877042,USPS,"4228 Summit Ave, Detroit, MI 48201"
#85529,Melissa Stewart,melissa.stewart52@icloud.com,RAM 16GB DDR4,RAM-132,1,59.99,2025-12-17,delivered,14572911497547,LaserShip,"7214 Oak Ave, Memphis, TN 38101"
#51537,Susan Collins,susan.collins68@yahoo.com,Bluetooth Speaker,BS-106,2,139.98,2026-01-01,delivered,1Z1655282389820088,UPS,"2343 River Rd, Kansas City, MO 64101"
#95384,Frank Cooper,frank.cooper30@icloud.com,Fitness Tracker,FT-120,1,89.99,2026-03-08,delivered,1878600241,DHL,"2339 Highland Ave, Omaha, NE 68101"
#62705,Cynthia Diaz,cynthia.diaz91@gmail.com,Portable SSD 1TB,SSD-102,3,329.97,2026-01-22,shipped,12940588466314,Amazon Logistics,"3440 Main St, Anaheim, CA 92801"
#50898,Patricia Davis,patricia.davis69@icloud.com,Ergonomic Chair,EC-900,4,1199.96,2025-12-04,shipped,07249642852948,LaserShip,"5998 Maple Dr, Detroit, MI 48201"
#32089,Richard Myers,richard.myers85@icloud.com,Mini Projector,MP-113,4,799.96,2026-01-16,shipped,91985697757013670267,USPS,"1353 Oak Ave, Houston, TX 77001"
#23560,Joseph Nelson,joseph.nelson48@icloud.com,Label Maker,LM-136,4,179.96,2025-12-31,shipped,02666846004992,LaserShip,"5554 Forest Dr, Austin, TX 73301"
#54006,George Wood,george.wood78@outlook.com,Fitness Tracker,FT-120,4,359.96,2026-03-18,shipped,63849301498244,LaserShip,"7542 Elm St, San Francisco, CA 94101"
#19574,Brandon Smith,brandon.smith47@yahoo.com,Ergonomic Chair,EC-900,1,299.99,2026-05-20,pending,,,"1534 Oak Ave, Bakersfield, CA 93301"
#70424,Margaret Sullivan,margaret.sullivan5@icloud.com,NVMe SSD 500GB,NVM-131,1,79.99,2026-01-19,shipped,34443553441472,LaserShip,"6861 Washington Blvd, Pittsburgh, PA 15201"
#40300,Jeffrey Brooks,jeffrey.brooks49@gmail.com,Portable SSD 1TB,SSD-102,1,109.99,2026-02-11,delivered,547924389392,FedEx,"6916 Willow Way, Pittsburgh, PA 15201"
#86047,Elizabeth Davis,elizabeth.davis41@icloud.com,Fitness Tracker,FT-120,3,269.97,2025-12-27,delivered,1Z5062507927849749,UPS,"8991 Washington Blvd, Albuquerque, NM 87101"
#55038,Mark Carter,mark.carter41@yahoo.com,Mechanical Keyboard,MK-200,2,179.98,2026-02-25,delivered,13038689784037,OnTrac,"7832 Sunset Blvd, Pittsburgh, PA 15201"
#44249,Lisa Rodriguez,lisa.rodriguez10@icloud.com,Laptop Stand,LS-700,4,183.96,2026-05-09,pending,,,"3283 Pine Rd, Corpus Christi, TX 78401"
#71477,Carol Foster,carol.foster36@proton.me,Smart Plug,SP-104,3,59.97,2026-01-14,shipped,30532004621511,Amazon Logistics,"1903 Broadway, St. Louis, MO 63101"
#87663,Samuel Bennett,samuel.bennett65@outlook.com,Webcam HD 1080p,WC-500,3,239.97,2026-03-24,delivered,1Z9959147338683331,UPS,"4541 Valley Rd, Richmond, VA 23218"
#84928,Samuel Wilson,samuel.wilson52@hotmail.com,Stapler Heavy Duty,SHD-139,1,24.99,2025-11-30,out_for_delivery,88807792021826,LaserShip,"8255 Oak Ave, New Orleans, LA 70112"
#21832,Donald Martin,donald.martin57@gmail.com,Laptop Stand,LS-700,3,137.97,2026-03-24,delivered,84722382295250,LaserShip,"6824 Elm St, San Jose, CA 95101"
#98664,Patrick Lee,patrick.lee10@outlook.com,Cable Management Box,CMB-108,1,24.99,2026-03-11,shipped,775788034680,FedEx,"1509 Washington Blvd, Bakersfield, CA 93301"
#83816,Nicholas Allen,nicholas.allen17@proton.me,Whiteboard Markers Set,WMS-140,2,25.98,2025-12-05,out_for_delivery,61263025538984611293,USPS,"5752 Highland Ave, Minneapolis, MN 55401"
#33869,Ryan Collins,ryan.collins93@gmail.com,Mechanical Numpad,MN-124,4,223.96,2026-03-31,returned,76809723466070419772,USPS,"3939 Sunset Blvd, Charlotte, NC 28201"
#98535,Heather Martinez,heather.martinez77@proton.me,NVMe SSD 500GB,NVM-131,3,239.97,2025-11-28,delivered,829861667483,FedEx,"4018 Meadow Ln, Springfield, IL 62701"
#41945,Laura Bailey,laura.bailey64@proton.me,Docking Station,DS-125,3,449.97,2026-01-02,pending,,,"9586 Forest Dr, Albuquerque, NM 87101"
#71134,Helen Torres,helen.torres73@gmail.com,Capture Card,CC-126,1,89.99,2026-04-16,cancelled,,,"394 Elm St, Richmond, VA 23218"
#75040,Nicholas Johnson,nicholas.johnson61@icloud.com,Mouse Pad XL,MPX-109,1,22.99,2026-02-14,delivered,43810017085106,OnTrac,"9859 Lake Dr, Bakersfield, CA 93301"
#41563,Donald Davis,donald.davis78@yahoo.com,Whiteboard Markers Set,WMS-140,1,12.99,2026-03-11,delivered,33918893670196305054,USPS,"9690 Washington Blvd, St. Louis, MO 63101"
#33779,Anna Smith,anna.smith88@outlook.com,Wireless Charger,WCH-103,4,119.96,2026-02-27,delivered,06028729449110,Amazon Logistics,"6803 Lake Dr, Arlington, TX 76001"
#42911,Brian Barnes,brian.barnes21@gmail.com,Smart Bulb Pack,SBP-114,2,79.98,2026-02-03,pending,,,"9005 Maple Dr, Corpus Christi, TX 78401"
#21876,Samuel Murphy,samuel.murphy92@icloud.com,Shredder,SH-137,3,269.97,2026-01-09,shipped,65628389181100,LaserShip,"7916 River Rd, Chicago, IL 60601"
#96915,Janet Williams,janet.williams77@hotmail.com,Surge Protector,SP2-135,1,32.99,2026-05-03,shipped,464138046750,FedEx,"1787 Pine Rd, Detroit, MI 48201"
#96356,Michael Bennett,michael.bennett89@icloud.com,Wireless Charger,WCH-103,4,119.96,2026-03-08,processing,,,"3842 Park Ave, Arlington, TX 76001"
#42091,Nicole Sullivan,nicole.sullivan57@hotmail.com,Desk Organizer,DO-116,2,55.98,2026-01-07,delivered,1Z7642029977363938,UPS,"7951 Hillside Rd, Cincinnati, OH 45201"
#68638,Shirley White,shirley.white82@icloud.com,Capture Card,CC-126,3,269.97,2026-03-20,delivered,36304319440098,Amazon Logistics,"4323 Main St, Richmond, VA 23218"
#97053,Maria Robinson,maria.robinson76@gmail.com,4K Webcam,4KW-112,3,449.97,2026-01-14,shipped,54301571958594,Amazon Logistics,"5549 Pine Rd, Denver, CO 80201"
#60323,Patricia Anderson,patricia.anderson52@outlook.com,Mechanical Keyboard,MK-200,3,269.97,2026-03-11,processing,,,"8406 Maple Dr, Chicago, IL 60601"
#31184,Patrick Torres,patrick.torres81@hotmail.com,Webcam HD 1080p,WC-500,1,79.99,2026-03-20,delivered,49242938327516,OnTrac,"5277 Lake Dr, Tampa, FL 33601"
#45474,Kimberly Sullivan,kimberly.sullivan49@proton.me,Power Bank 20000mAh,PB-118,4,199.96,2025-12-07,shipped,881059915555,FedEx,"6168 Oak Ave, Sacramento, CA 95814"
#94439,Brenda Nguyen,brenda.nguyen72@yahoo.com,Cable Management Box,CMB-108,1,24.99,2025-11-24,shipped,982284388079,FedEx,"3462 Sunset Blvd, Seattle, WA 98101"
#48854,Robert Torres,robert.torres82@outlook.com,Monitor Stand,MS-400,3,179.97,2026-02-22,shipped,2641565456,DHL,"2461 River Rd, Raleigh, NC 27601"
#47025,Edward Baker,edward.baker19@yahoo.com,Power Bank 20000mAh,PB-118,1,49.99,2026-03-16,delivered,3670108530,DHL,"1890 Pine Rd, Cleveland, OH 44101"
#68955,Sharon Ross,sharon.ross2@hotmail.com,Noise Cancelling Headphones,NCH-600,2,259.98,2026-03-16,delivered,30338190470506915758,USPS,"8933 Summit Ave, Boston, MA 02101"
#55752,Christine Taylor,christine.taylor60@outlook.com,Desk Organizer,DO-116,4,111.96,2025-12-10,shipped,850102691891,FedEx,"738 Meadow Ln, New Orleans, LA 70112"
#97625,Mary Anderson,mary.anderson9@proton.me,Docking Station,DS-125,1,149.99,2026-01-09,delivered,1Z5822246220314304,UPS,"5735 Washington Blvd, Portland, OR 97201"
#14021,Rebecca Gray,rebecca.gray96@icloud.com,Webcam HD 1080p,WC-500,2,159.98,2026-02-15,delivered,77313803270148,Amazon Logistics,"9253 Forest Dr, Denver, CO 80201"
#95126,Benjamin Gonzalez,benjamin.gonzalez58@outlook.com,Capture Card,CC-126,2,179.98,2026-02-28,processing,,,"3960 Pine Rd, Jacksonville, FL 32099"
#63026,Michelle Russell,michelle.russell35@gmail.com,Smart Bulb Pack,SBP-114,4,159.96,2025-12-19,delivered,30570428056781,LaserShip,"271 Lake Dr, Aurora, CO 80010"
#32704,Amy Hall,amy.hall48@yahoo.com,Standing Desk Mat,SDM-101,4,223.96,2026-01-07,shipped,57889492953846,Amazon Logistics,"1406 Oak Ave, Baltimore, MD 21201"
#31723,Edward Nguyen,edward.nguyen4@icloud.com,Earbuds Pro,EP-121,1,99.99,2026-01-08,shipped,40299711881364,OnTrac,"2064 Meadow Ln, Columbus, OH 43085"
#12375,Gregory Jenkins,gregory.jenkins4@outlook.com,LED Desk Lamp,LDL-800,4,139.96,2026-02-17,shipped,8279826561,DHL,"6076 Cedar Ln, Minneapolis, MN 55401"
#63968,Patrick Phillips,patrick.phillips86@hotmail.com,Stapler Heavy Duty,SHD-139,3,74.97,2026-04-15,delivered,75862050389649,Amazon Logistics,"6430 Willow Way, Tampa, FL 33601"
#96602,Nicole Hill,nicole.hill32@outlook.com,USB-C Hub,UCH-300,2,79.98,2025-12-06,delivered,1Z7137338517485899,UPS,"1441 Highland Ave, Louisville, KY 40201"
#11570,Nicholas Edwards,nicholas.edwards92@outlook.com,USB-C Hub,UCH-300,1,39.99,2026-02-22,delivered,3536364060,DHL,"3051 Valley Rd, Arlington, TX 76001"
#56401,Jason Collins,jason.collins60@hotmail.com,Fitness Tracker,FT-120,2,179.98,2025-12-30,delivered,801386860921,FedEx,"6582 Maple Dr, Pittsburgh, PA 15201"
#59710,Margaret Rodriguez,margaret.rodriguez49@icloud.com,Cable Management Box,CMB-108,2,49.98,2026-04-24,shipped,41245370574173,LaserShip,"7367 Lakeview Dr, Corpus Christi, TX 78401"
#80809,Patricia Davis,patricia.davis54@proton.me,Portable Monitor,PM-130,1,249.99,2026-03-28,delivered,5526936681,DHL,"7934 Washington Blvd, St. Louis, MO 63101"
#43520,Barbara Barnes,barbara.barnes68@yahoo.com,4K Webcam,4KW-112,1,149.99,2026-01-16,delivered,33897155687088,LaserShip,"8051 Sunset Blvd, Memphis, TN 38101"
#19668,Anna Thomas,anna.thomas22@outlook.com,LED Desk Lamp,LDL-800,3,104.97,2025-12-15,shipped,33505506238121,OnTrac,"9108 Park Ave, Cincinnati, OH 45201"
#99239,Shirley Richardson,shirley.richardson8@outlook.com,Drawing Tablet,DT-111,4,639.96,2025-12-02,shipped,38382025190922,Amazon Logistics,"200 Valley Rd, Pittsburgh, PA 15201"
#53666,Paul Robinson,paul.robinson44@icloud.com,Air Purifier,AP-115,2,259.98,2025-12-14,shipped,0766288047,DHL,"4210 Sunset Blvd, Louisville, KY 40201"
#69279,Jack Kelly,jack.kelly5@outlook.com,Green Screen,GS-127,1,45.99,2025-12-12,delivered,224343773126,FedEx,"8150 Broadway, Austin, TX 73301"
#37502,Richard Wood,richard.wood66@yahoo.com,Portable Monitor,PM-130,4,999.96,2025-11-22,delivered,68670883750431,OnTrac,"7523 Summit Ave, San Francisco, CA 94101"
#32408,Benjamin Wood,benjamin.wood26@icloud.com,Whiteboard Markers Set,WMS-140,2,25.98,2026-04-18,returned,909040129511,FedEx,"7444 Main St, Cleveland, OH 44101"
#89276,Dorothy Edwards,dorothy.edwards86@yahoo.com,Tripod Stand,TS-128,3,119.97,2025-11-24,shipped,447294862676,FedEx,"5089 Main St, Portland, OR 97201"
#93367,Jason Sanders,jason.sanders51@yahoo.com,Drawing Tablet,DT-111,2,319.98,2026-03-20,delivered,34129184143388,OnTrac,"5125 Washington Blvd, Houston, TX 77001"
#75886,Lisa Smith,lisa.smith26@yahoo.com,USB Microphone,UM-110,3,269.97,2026-05-15,delivered,08409675877229,LaserShip,"6413 Maple Dr, Miami, FL 33101"
#98268,Matthew Kelly,matthew.kelly9@hotmail.com,Label Maker,LM-136,1,44.99,2026-03-06,shipped,041430185444,FedEx,"9498 Willow Way, Kansas City, MO 64101"
#17981,Andrew Wood,andrew.wood53@proton.me,Notebook Hardcover,NB-142,3,44.97,2026-01-30,processing,,,"6054 Pine Rd, Kansas City, MO 64101"
#64680,Jacob Hernandez,jacob.hernandez85@outlook.com,Green Screen,GS-127,2,91.98,2026-01-26,delivered,1Z1286767163300709,UPS,"6422 Valley Rd, Springfield, IL 62701"
#23743,Betty Turner,betty.turner63@proton.me,Shredder,SH-137,4,359.96,2026-04-22,returned,73964867190342,OnTrac,"1272 Oak Ave, Dallas, TX 75201"
#88296,Patricia Martin,patricia.martin76@icloud.com,Standing Desk Mat,SDM-101,4,223.96,2026-02-26,pending,,,"1386 Oak Ave, Arlington, TX 76001"
#82458,Stephen Martin,stephen.martin28@yahoo.com,Portable SSD 1TB,SSD-102,3,329.97,2026-02-28,delivered,75699084740894357283,USPS,"8006 Sunset Blvd, Cincinnati, OH 45201"
#87624,Jason Rogers,jason.rogers85@proton.me,Stapler Heavy Duty,SHD-139,3,74.97,2026-04-27,out_for_delivery,75816395234597,LaserShip,"8565 Lake Dr, Honolulu, HI 96801"
#55207,Stephanie Morgan,stephanie.morgan41@hotmail.com,Webcam HD 1080p,WC-500,2,159.98,2026-03-07,shipped,95492285519821,Amazon Logistics,"4930 Park Ave, Arlington, TX 76001"
#60178,Brian Gomez,brian.gomez32@proton.me,Smart Bulb Pack,SBP-114,4,159.96,2025-12-06,delivered,20253285180170,OnTrac,"1578 Valley Rd, Minneapolis, MN 55401"
#86249,Emma Brown,emma.brown69@yahoo.com,Standing Desk Mat,SDM-101,3,167.97,2026-01-03,delivered,1Z2521203626274310,UPS,"5390 Main St, Minneapolis, MN 55401"
#78972,James Allen,james.allen63@yahoo.com,Capture Card,CC-126,1,89.99,2026-05-15,shipped,9213800192,DHL,"8348 Pine Rd, Memphis, TN 38101"
#38228,Ashley Henderson,ashley.henderson56@proton.me,Air Purifier,AP-115,4,519.96,2026-01-17,processing,,,"4475 Washington Blvd, Columbus, OH 43085"
#64704,Emily Roberts,emily.roberts24@hotmail.com,Docking Station,DS-125,1,149.99,2026-02-06,delivered,58489117763869,LaserShip,"950 Forest Dr, Corpus Christi, TX 78401"
#76826,Larry Cruz,larry.cruz50@yahoo.com,Webcam HD 1080p,WC-500,4,319.96,2026-01-01,shipped,72696672004154,LaserShip,"5036 Forest Dr, Cincinnati, OH 45201"
#79907,Amy Walker,amy.walker3@proton.me,Drawing Tablet,DT-111,3,479.97,2026-03-20,delivered,2390128962,DHL,"1554 Cedar Ln, San Francisco, CA 94101"
#47071,Laura Hill,laura.hill47@hotmail.com,USB-C Hub,UCH-300,2,79.98,2025-12-28,shipped,735608776033,FedEx,"6656 Highland Ave, Tucson, AZ 85701"
#79633,Ronald Perez,ronald.perez90@outlook.com,Webcam HD 1080p,WC-500,4,319.96,2026-05-17,delivered,1Z7894133791015088,UPS,"1346 Cedar Ln, Tucson, AZ 85701"
#16881,Raymond Roberts,raymond.roberts4@icloud.com,CPU Cooler,CC-133,2,99.98,2025-12-03,delivered,20833946770032,LaserShip,"5221 Highland Ave, Charlotte, NC 28201"
#24663,Katherine White,katherine.white78@hotmail.com,Portable SSD 1TB,SSD-102,3,329.97,2026-03-16,delivered,50805632531173,OnTrac,"5657 Pine Rd, Tucson, AZ 85701"
#24745,Deborah King,deborah.king63@yahoo.com,Wireless Charger,WCH-103,1,29.99,2026-03-19,delivered,1Z4601762034140690,UPS,"3648 Park Ave, Nashville, TN 37201"
#71293,Catherine Gray,catherine.gray78@hotmail.com,Wireless Charger,WCH-103,1,29.99,2025-11-30,delivered,70971435905139,OnTrac,"8715 Broadway, San Francisco, CA 94101"
#24098,Lisa Wood,lisa.wood9@yahoo.com,Mechanical Numpad,MN-124,3,167.97,2026-02-26,shipped,1Z6594526897209818,UPS,"2739 Pine Rd, Tucson, AZ 85701"
#73463,Heather Roberts,heather.roberts85@proton.me,Smart Bulb Pack,SBP-114,3,119.97,2026-01-08,delivered,35830863340503,LaserShip,"1967 River Rd, Kansas City, MO 64101"
#94650,Lisa Powell,lisa.powell9@hotmail.com,Shredder,SH-137,4,359.96,2026-03-19,delivered,57005842048984,LaserShip,"6031 Broadway, Portland, OR 97201"
#22744,Margaret Baker,margaret.baker58@gmail.com,Monitor Stand,MS-400,3,179.97,2026-02-24,shipped,1Z3425303732811259,UPS,"6461 Broadway, Aurora, CO 80010"
#90614,Ronald Hill,ronald.hill71@proton.me,4K Webcam,4KW-112,2,299.98,2025-12-09,out_for_delivery,8308917021,DHL,"9126 Highland Ave, El Paso, TX 79901"
#42099,Joseph Rodriguez,joseph.rodriguez35@gmail.com,LED Desk Lamp,LDL-800,3,104.97,2026-01-27,delivered,17637321743128,OnTrac,"393 Lakeview Dr, Houston, TX 77001"
#72612,Anthony White,anthony.white99@outlook.com,Power Bank 20000mAh,PB-118,2,99.98,2026-05-08,out_for_delivery,937423617627,FedEx,"6592 Washington Blvd, Pittsburgh, PA 15201"
#45709,Sandra James,sandra.james52@yahoo.com,Standing Desk Mat,SDM-101,3,167.97,2025-12-14,out_for_delivery,95139761034711,OnTrac,"3035 Highland Ave, Memphis, TN 38101"
#68025,Timothy Brown,timothy.brown90@yahoo.com,Gaming Mouse,GM-122,1,69.99,2026-01-27,delivered,16680967352148,OnTrac,"1223 Sunset Blvd, Kansas City, MO 64101"
#30785,Stephen Watson,stephen.watson58@gmail.com,Docking Station,DS-125,1,149.99,2026-02-15,returned,25859192759968,LaserShip,"2744 Broadway, Sacramento, CA 95814"
#14249,Kevin Cox,kevin.cox4@icloud.com,Portable SSD 1TB,SSD-102,2,219.98,2026-05-21,out_for_delivery,121923296409,FedEx,"9630 Oak Ave, San Diego, CA 92101"
#26608,Maria Williams,maria.williams99@outlook.com,Surge Protector,SP2-135,2,65.98,2026-02-06,delivered,8676361216,DHL,"2289 Pine Rd, Corpus Christi, TX 78401"
#17023,Matthew Russell,matthew.russell86@yahoo.com,Shredder,SH-137,4,359.96,2025-12-20,out_for_delivery,22000103356003,LaserShip,"260 Sunset Blvd, Aurora, CO 80010"
#89525,Justin Phillips,justin.phillips2@proton.me,Laminator,LAM-138,3,119.97,2026-05-03,delivered,1Z5608702231231265,UPS,"8927 Elm St, Raleigh, NC 27601"
#27171,Larry Ortiz,larry.ortiz98@proton.me,Surge Protector,SP2-135,1,32.99,2026-04-11,processing,,,"1352 Hillside Rd, Charlotte, NC 28201"
#58251,Barbara Morris,barbara.morris99@hotmail.com,Laminator,LAM-138,1,39.99,2026-04-29,shipped,4392089052,DHL,"1002 Oak Ave, Houston, TX 77001"
#97712,Lisa Jackson,lisa.jackson59@icloud.com,Ergonomic Chair,EC-900,3,899.97,2025-12-11,pending,,,"7516 Highland Ave, St. Louis, MO 63101"
#50586,Nancy Evans,nancy.evans35@yahoo.com,Notebook Hardcover,NB-142,1,14.99,2026-04-06,delivered,77828365948485349349,USPS,"6854 Cedar Ln, Portland, OR 97201"
#91801,Ryan Smith,ryan.smith18@proton.me,NVMe SSD 500GB,NVM-131,2,159.98,2026-02-12,delivered,658638235695,FedEx,"6273 Valley Rd, Chicago, IL 60601"
#16732,Mark Wood,mark.wood36@hotmail.com,USB-C Hub,UCH-300,4,159.96,2026-01-06,delivered,1Z0033116346242953,UPS,"7122 Meadow Ln, Corpus Christi, TX 78401"
#25157,Brenda Wood,brenda.wood79@yahoo.com,Smartwatch,SW-119,4,799.96,2026-01-06,out_for_delivery,83752350421254773115,USPS,"6178 Sunset Blvd, San Francisco, CA 94101"
#15919,Justin Price,justin.price15@proton.me,Gaming Mouse,GM-122,4,279.96,2026-01-22,pending,,,"2648 Hillside Rd, San Jose, CA 95101"
#40238,Sharon Thomas,sharon.thomas26@yahoo.com,Cable Management Box,CMB-108,1,24.99,2026-03-15,delivered,74355428995000,LaserShip,"5794 Lake Dr, Bakersfield, CA 93301"
#93185,Deborah Howard,deborah.howard57@proton.me,Phone Stand,PS-107,2,29.98,2026-04-27,processing,,,"6021 Forest Dr, Albuquerque, NM 87101"
#96065,Andrew Richardson,andrew.richardson27@proton.me,RAM 16GB DDR4,RAM-132,2,119.98,2025-12-03,processing,,,"1782 Valley Rd, Tampa, FL 33601"
#98656,Jessica Gonzalez,jessica.gonzalez9@proton.me,Mechanical Keyboard,MK-200,1,89.99,2025-12-02,processing,,,"1651 Pine Rd, Bakersfield, CA 93301"
#51602,Ronald Hughes,ronald.hughes90@icloud.com,Cable Organizer Kit,COK-134,3,53.97,2026-03-03,shipped,6285548088,DHL,"7918 Broadway, Denver, CO 80201"
#99692,Jack Thompson,jack.thompson94@proton.me,Smartphone Gimbal,SG-129,2,219.98,2026-03-20,pending,,,"2794 Maple Dr, San Francisco, CA 94101"
#58147,Brian Price,brian.price82@icloud.com,Laminator,LAM-138,4,159.96,2025-12-21,delivered,93505681180668,LaserShip,"8635 Sunset Blvd, El Paso, TX 79901"
#11258,Charles Miller,charles.miller25@gmail.com,Smartphone Gimbal,SG-129,2,219.98,2026-04-20,delivered,354987019903,FedEx,"3372 Park Ave, Atlanta, GA 30301"
#73938,David Turner,david.turner53@outlook.com,CPU Cooler,CC-133,3,149.97,2025-12-18,shipped,742953224339,FedEx,"6334 Meadow Ln, Corpus Christi, TX 78401"
#77199,Jack Sanders,jack.sanders24@proton.me,Portable SSD 1TB,SSD-102,2,219.98,2026-04-02,pending,,,"6711 Lakeview Dr, Pittsburgh, PA 15201"
#52622,Lisa Anderson,lisa.anderson63@gmail.com,Bluetooth Speaker,BS-106,2,139.98,2026-01-03,shipped,93903990510446,Amazon Logistics,"7275 Hillside Rd, Cleveland, OH 44101"
#71211,Nicholas Harris,nicholas.harris72@yahoo.com,Stapler Heavy Duty,SHD-139,4,99.96,2026-03-20,shipped,00317989590139,OnTrac,"8946 Cedar Ln, Austin, TX 73301"
#90693,Paul Garcia,paul.garcia40@proton.me,Smartphone Gimbal,SG-129,2,219.98,2026-05-18,out_for_delivery,1Z1443390267843787,UPS,"649 Main St, Philadelphia, PA 19101"
#22972,Ronald Cook,ronald.cook63@proton.me,Air Purifier,AP-115,1,129.99,2026-03-31,delivered,93764007162306,Amazon Logistics,"8904 Oak Ave, Albuquerque, NM 87101"
#96166,Margaret Smith,margaret.smith42@yahoo.com,4K Webcam,4KW-112,2,299.98,2026-02-16,delivered,94175570322992173970,USPS,"8205 Lake Dr, San Francisco, CA 94101"
#58537,Nicole Hughes,nicole.hughes34@hotmail.com,Shredder,SH-137,4,359.96,2026-01-03,processing,,,"9206 Broadway, Honolulu, HI 96801"
#52859,Steven Nelson,steven.nelson2@icloud.com,Docking Station,DS-125,2,299.98,2026-02-27,delivered,1Z3417207313763939,UPS,"5852 Pine Rd, Raleigh, NC 27601"
#73691,Janet Ortiz,janet.ortiz1@yahoo.com,Capture Card,CC-126,4,359.96,2026-05-03,processing,,,"4577 Elm St, Miami, FL 33101"
#49041,Brandon Davis,brandon.davis61@yahoo.com,Planner 2026,PL-141,1,19.99,2026-01-02,processing,,,"1820 Pine Rd, Tampa, FL 33601"
#47793,Gregory King,gregory.king73@icloud.com,Tripod Stand,TS-128,2,79.98,2025-12-22,delivered,02577045033111,LaserShip,"944 Valley Rd, El Paso, TX 79901"
#48102,Jason Smith,jason.smith14@outlook.com,Smartwatch,SW-119,1,199.99,2025-12-06,shipped,10036846525014,Amazon Logistics,"8122 Sunset Blvd, Baltimore, MD 21201"
#12499,Dorothy Young,dorothy.young22@yahoo.com,Bluetooth Speaker,BS-106,1,69.99,2026-03-03,returned,77912072503095,OnTrac,"4175 Park Ave, Houston, TX 77001"
#76397,Daniel Rodriguez,daniel.rodriguez41@gmail.com,NVMe SSD 500GB,NVM-131,4,319.96,2025-11-29,returned,83450971885578274233,USPS,"5258 Summit Ave, Indianapolis, IN 46201"
#24029,Carolyn Roberts,carolyn.roberts46@yahoo.com,Mouse Pad XL,MPX-109,2,45.98,2026-01-02,delivered,166491508354,FedEx,"3371 Maple Dr, Houston, TX 77001"
#64718,Donald Nguyen,donald.nguyen12@yahoo.com,Earbuds Pro,EP-121,4,399.96,2026-05-21,shipped,4716194144,DHL,"976 Hillside Rd, San Jose, CA 95101"
#49913,Barbara Anderson,barbara.anderson73@icloud.com,Planner 2026,PL-141,4,79.96,2026-04-14,delivered,77666667345281,LaserShip,"2542 Washington Blvd, Cleveland, OH 44101"
#18084,Susan Smith,susan.smith7@gmail.com,RAM 16GB DDR4,RAM-132,3,179.97,2026-03-01,pending,,,"3268 Valley Rd, Austin, TX 73301"
#99636,Mary Torres,mary.torres79@hotmail.com,CPU Cooler,CC-133,4,199.96,2026-05-19,shipped,1Z0475699811115096,UPS,"3011 Oak Ave, Salt Lake City, UT 84101"
#85262,Janet Sullivan,janet.sullivan22@outlook.com,Surge Protector,SP2-135,2,65.98,2026-05-02,cancelled,,,"2072 Willow Way, San Francisco, CA 94101"
#20725,Linda Perry,linda.perry23@gmail.com,Label Maker,LM-136,1,44.99,2025-11-27,shipped,8579183015,DHL,"3210 Valley Rd, Atlanta, GA 30301"
#33355,Debra Walker,debra.walker37@hotmail.com,Whiteboard Markers Set,WMS-140,3,38.97,2026-03-13,out_for_delivery,57835720207145,OnTrac,"5160 Sunset Blvd, Arlington, TX 76001"
#53128,Joseph Lopez,joseph.lopez27@yahoo.com,LED Desk Lamp,LDL-800,3,104.97,2025-11-28,shipped,58561750906164,OnTrac,"8765 Main St, Las Vegas, NV 89101"
#63740,David Bennett,david.bennett59@proton.me,Mechanical Keyboard,MK-200,4,359.96,2026-05-03,pending,,,"3555 Summit Ave, Baltimore, MD 21201"
#26738,Kevin Williams,kevin.williams40@gmail.com,USB-C Hub,UCH-300,3,119.97,2026-01-01,delivered,1Z6881396865380277,UPS,"2255 Washington Blvd, Aurora, CO 80010"
#58846,Justin Anderson,justin.anderson64@icloud.com,RAM 16GB DDR4,RAM-132,4,239.96,2026-04-17,shipped,19001621416382,Amazon Logistics,"1893 Park Ave, Houston, TX 77001"
#63961,Deborah Myers,deborah.myers36@icloud.com,Cable Management Box,CMB-108,2,49.98,2026-03-22,delivered,51112132930768,LaserShip,"3843 Park Ave, Atlanta, GA 30301"
#79892,Debra Smith,debra.smith50@yahoo.com,Portable Monitor,PM-130,1,249.99,2026-04-29,shipped,17422063893095,Amazon Logistics,"4536 Meadow Ln, Springfield, IL 62701"
#71810,Christopher Wright,christopher.wright65@icloud.com,Capture Card,CC-126,2,179.98,2026-05-13,processing,,,"4622 Forest Dr, Richmond, VA 23218"
#87247,Brian Walker,brian.walker81@gmail.com,Cable Organizer Kit,COK-134,3,53.97,2026-01-12,shipped,72646595495561,Amazon Logistics,"8987 Lakeview Dr, Salt Lake City, UT 84101"
#10477,Alexander Miller,alexander.miller39@icloud.com,Smart Plug,SP-104,3,59.97,2026-03-09,returned,9654188482,DHL,"3780 Highland Ave, Cincinnati, OH 45201"
#86613,Larry Jones,larry.jones94@yahoo.com,NVMe SSD 500GB,NVM-131,3,239.97,2026-04-05,shipped,399994699912,FedEx,"2507 Park Ave, Honolulu, HI 96801"
#89763,Sharon White,sharon.white16@proton.me,USB Microphone,UM-110,4,359.96,2025-12-09,pending,,,"2840 Hillside Rd, Anaheim, CA 92801"
#85023,Cynthia Ortiz,cynthia.ortiz69@yahoo.com,RAM 16GB DDR4,RAM-132,1,59.99,2026-01-03,shipped,1Z1584506188448961,UPS,"296 Highland Ave, Houston, TX 77001"
#12126,Jerry Flores,jerry.flores16@proton.me,Standing Desk Mat,SDM-101,1,55.99,2026-01-16,cancelled,,,"4477 Cedar Ln, Boston, MA 02101"
#31570,Rebecca Howard,rebecca.howard47@yahoo.com,Surge Protector,SP2-135,3,98.97,2026-03-29,out_for_delivery,454895481983,FedEx,"4174 Cedar Ln, Honolulu, HI 96801"
#40823,James Rivera,james.rivera23@gmail.com,Planner 2026,PL-141,4,79.96,2026-02-16,shipped,4851431476,DHL,"539 Willow Way, Honolulu, HI 96801"
#73737,Heather Collins,heather.collins33@gmail.com,Mechanical Numpad,MN-124,2,111.98,2026-02-03,returned,46969265576342719082,USPS,"3499 Main St, Miami, FL 33101"
#34722,Jerry Brown,jerry.brown87@yahoo.com,Stapler Heavy Duty,SHD-139,4,99.96,2026-05-06,delivered,1Z7433979019686579,UPS,"2016 Oak Ave, Los Angeles, CA 90001"
#59188,Emily Cox,emily.cox89@outlook.com,USB-C Hub,UCH-300,1,39.99,2026-05-01,shipped,56818917169187,OnTrac,"1958 Forest Dr, Los Angeles, CA 90001"
#88225,Emily Wright,emily.wright38@outlook.com,Surge Protector,SP2-135,2,65.98,2025-11-22,processing,,,"9166 Main St, Corpus Christi, TX 78401"
#10467,Sarah Martin,sarah.martin78@outlook.com,Fitness Tracker,FT-120,1,89.99,2026-04-25,pending,,,"8841 Park Ave, Charlotte, NC 28201"
#14308,Donna Cruz,donna.cruz21@gmail.com,Webcam HD 1080p,WC-500,3,239.97,2025-12-03,shipped,10647172162077,Amazon Logistics,"2535 Oak Ave, Cleveland, OH 44101"
#36102,Robert Morales,robert.morales90@yahoo.com,Mechanical Keyboard,MK-200,1,89.99,2026-01-14,delivered,27272294968789,Amazon Logistics,"9748 Lake Dr, El Paso, TX 79901"
#79610,Karen Morris,karen.morris15@outlook.com,Laptop Stand,LS-700,3,137.97,2026-02-12,out_for_delivery,92192984806112,OnTrac,"5455 Pine Rd, Omaha, NE 68101"
#21355,Daniel Reyes,daniel.reyes41@icloud.com,LED Desk Lamp,LDL-800,2,69.98,2026-01-04,delivered,1Z8763999830884428,UPS,"1474 Maple Dr, Denver, CO 80201"
#99193,Frank Nguyen,frank.nguyen67@icloud.com,Bluetooth Speaker,BS-106,1,69.99,2026-02-25,returned,19998480612666,Amazon Logistics,"4755 Broadway, Bakersfield, CA 93301"
#49710,Charles Phillips,charles.phillips82@outlook.com,Planner 2026,PL-141,2,39.98,2025-11-29,delivered,1Z0025748667346859,UPS,"9185 Lake Dr, Cincinnati, OH 45201"
#71707,Patrick Martinez,patrick.martinez76@icloud.com,Bluetooth Speaker,BS-106,2,139.98,2026-02-11,shipped,3939348890,DHL,"3639 Broadway, Pittsburgh, PA 15201"
#47316,Kathleen Evans,kathleen.evans85@gmail.com,4K Webcam,4KW-112,2,299.98,2026-01-11,pending,,,"278 Hillside Rd, Charlotte, NC 28201"
#39174,Anna Morris,anna.morris59@yahoo.com,Smartwatch,SW-119,4,799.96,2026-04-08,shipped,1Z8763605393935459,UPS,"3215 Oak Ave, Aurora, CO 80010"
#92694,Emma Morales,emma.morales75@proton.me,Mini Projector,MP-113,3,599.97,2026-02-01,delivered,06094599665101,Amazon Logistics,"5102 Lakeview Dr, El Paso, TX 79901"
#58287,Debra Turner,debra.turner25@outlook.com,LED Desk Lamp,LDL-800,3,104.97,2025-11-28,pending,,,"8656 Main St, Sacramento, CA 95814"
#95677,Emily Campbell,emily.campbell17@gmail.com,Standing Desk Mat,SDM-101,2,111.98,2026-04-01,out_for_delivery,067188562081,FedEx,"8034 Willow Way, Denver, CO 80201"
#40028,William Morales,william.morales54@outlook.com,Planner 2026,PL-141,3,59.97,2026-05-14,processing,,,"1957 River Rd, Boston, MA 02101"
#44930,Jason Robinson,jason.robinson48@hotmail.com,Capture Card,CC-126,2,179.98,2025-12-05,shipped,32946319478975,OnTrac,"7025 Highland Ave, Albuquerque, NM 87101"
#78382,Rebecca Martinez,rebecca.martinez7@proton.me,Drawing Tablet,DT-111,1,159.99,2026-03-04,delivered,1755457015,DHL,"302 Lake Dr, Anaheim, CA 92801"
#30181,Sarah Cook,sarah.cook10@icloud.com,Wireless Mouse,WM-100,4,199.96,2025-12-02,processing,,,"4438 Oak Ave, San Diego, CA 92101"
#49724,Frank Bailey,frank.bailey39@yahoo.com,Smartwatch,SW-119,1,199.99,2025-11-27,shipped,725365038604,FedEx,"6789 Valley Rd, Bakersfield, CA 93301"
#18874,Timothy Wood,timothy.wood8@hotmail.com,Drawing Tablet,DT-111,4,639.96,2026-04-07,delivered,194285810529,FedEx,"9642 Washington Blvd, Corpus Christi, TX 78401"
#34867,Samuel Clark,samuel.clark67@hotmail.com,Monitor Stand,MS-400,2,119.98,2026-03-22,delivered,41993221901970770821,USPS,"5361 Main St, Aurora, CO 80010"
#97419,Frank Mitchell,frank.mitchell32@gmail.com,Tripod Stand,TS-128,1,39.99,2026-04-11,delivered,77063633942580443415,USPS,"7132 Oak Ave, Aurora, CO 80010"
#80196,Gregory Garcia,gregory.garcia32@outlook.com,Green Screen,GS-127,3,137.97,2025-12-02,delivered,95513688566204841283,USPS,"2631 Highland Ave, Houston, TX 77001"
#82113,Edward Henderson,edward.henderson60@hotmail.com,Standing Desk Mat,SDM-101,3,167.97,2025-12-29,delivered,43387701523849,Amazon Logistics,"3910 Forest Dr, Bakersfield, CA 93301"
#79718,Alexander Hill,alexander.hill22@hotmail.com,Monitor Stand,MS-400,2,119.98,2026-02-10,processing,,,"1660 Main St, San Jose, CA 95101"
#90921,Kathleen Cruz,kathleen.cruz84@proton.me,Gaming Mouse,GM-122,4,279.96,2025-12-08,pending,,,"280 Cedar Ln, Arlington, TX 76001"
#10931,Emma Campbell,emma.campbell91@gmail.com,Earbuds Pro,EP-121,3,299.97,2025-11-30,shipped,1Z8522219657840975,UPS,"9634 Washington Blvd, Houston, TX 77001"
#91310,Dennis Lewis,dennis.lewis15@outlook.com,Smartphone Gimbal,SG-129,2,219.98,2026-02-07,delivered,04718382229775,OnTrac,"574 Forest Dr, Kansas City, MO 64101"
#23564,Heather Phillips,heather.phillips35@icloud.com,Gaming Mouse,GM-122,4,279.96,2026-02-02,processing,,,"9009 Cedar Ln, Miami, FL 33101"
#41307,Edward Reed,edward.reed65@icloud.com,Planner 2026,PL-141,1,19.99,2025-12-23,shipped,48190233083350,Amazon Logistics,"2522 Meadow Ln, Philadelphia, PA 19101"
#16103,Christopher Jones,christopher.jones16@gmail.com,Laptop Stand,LS-700,2,91.98,2025-12-28,delivered,5425054579,DHL,"5953 Main St, Cleveland, OH 44101"
#17637,Pamela Phillips,pamela.phillips45@outlook.com,Gaming Mouse,GM-122,4,279.96,2025-12-13,shipped,156372720369,FedEx,"7065 River Rd, Charlotte, NC 28201"
#34155,Nicole Roberts,nicole.roberts32@proton.me,Smartwatch,SW-119,3,599.97,2026-05-04,delivered,06135235360616,OnTrac,"2258 Oak Ave, Phoenix, AZ 85001"
#87440,Pamela Harris,pamela.harris50@hotmail.com,Mechanical Keyboard,MK-200,3,269.97,2025-12-28,delivered,9825660995,DHL,"1297 Lakeview Dr, Louisville, KY 40201"
#94082,Maria Brown,maria.brown58@proton.me,Mechanical Numpad,MN-124,1,55.99,2026-05-17,delivered,64999655244191161783,USPS,"6769 Cedar Ln, Miami, FL 33101"
#36501,Gregory Butler,gregory.butler78@proton.me,Fitness Tracker,FT-120,2,179.98,2026-03-13,processing,,,"9452 Valley Rd, San Francisco, CA 94101"
#57268,Michelle Cruz,michelle.cruz14@proton.me,Power Bank 20000mAh,PB-118,4,199.96,2026-01-27,shipped,30692227695950,LaserShip,"7132 Lakeview Dr, Denver, CO 80201"
#25677,Thomas Davis,thomas.davis73@yahoo.com,Ring Light 10inch,RL-105,4,199.96,2026-05-11,cancelled,,,"5835 Lake Dr, Albuquerque, NM 87101"
#55746,Pamela Perry,pamela.perry39@yahoo.com,Monitor Stand,MS-400,3,179.97,2026-05-07,delivered,1Z4903806760290231,UPS,"1887 Washington Blvd, Arlington, TX 76001"
#38048,Sandra Long,sandra.long46@yahoo.com,4K Webcam,4KW-112,3,449.97,2026-04-12,cancelled,,,"1501 Meadow Ln, Kansas City, MO 64101"
#24479,Joshua Morris,joshua.morris23@gmail.com,Smart Plug,SP-104,4,79.96,2026-01-06,pending,,,"7977 Valley Rd, Portland, OR 97201"
#39462,Frank Gray,frank.gray45@proton.me,USB-C Hub,UCH-300,1,39.99,2025-12-13,delivered,89017045621629,OnTrac,"6093 Cedar Ln, Chicago, IL 60601"
#12098,Jack Cox,jack.cox78@gmail.com,Ring Light 10inch,RL-105,3,149.97,2026-03-28,delivered,1Z8683556965865059,UPS,"1426 Park Ave, Albuquerque, NM 87101"
#44612,Gregory Ross,gregory.ross21@proton.me,Laminator,LAM-138,3,119.97,2026-02-21,shipped,16228538068854893246,USPS,"9764 Washington Blvd, Columbus, OH 43085"
#25041,Nicole Brown,nicole.brown58@outlook.com,Phone Stand,PS-107,3,44.97,2025-12-22,processing,,,"5007 Hillside Rd, Indianapolis, IN 46201"
#25631,Shirley Collins,shirley.collins65@outlook.com,Webcam HD 1080p,WC-500,4,319.96,2026-04-06,shipped,34288528680444623710,USPS,"9437 Forest Dr, Los Angeles, CA 90001"
#63383,David Lee,david.lee74@proton.me,Green Screen,GS-127,4,183.96,2026-01-03,out_for_delivery,02650285026186109468,USPS,"1113 Oak Ave, Raleigh, NC 27601"
#15077,Daniel Hernandez,daniel.hernandez27@proton.me,Smartphone Gimbal,SG-129,2,219.98,2025-12-27,shipped,21093614423228,Amazon Logistics,"1391 Summit Ave, Denver, CO 80201"
#88790,Benjamin Evans,benjamin.evans17@yahoo.com,Tripod Stand,TS-128,2,79.98,2026-04-15,delivered,1Z6418885838651394,UPS,"7666 Meadow Ln, San Diego, CA 92101"
#95915,Michael Perry,michael.perry14@outlook.com,Mechanical Numpad,MN-124,3,167.97,2026-03-12,delivered,88186197481897,OnTrac,"1031 Summit Ave, San Francisco, CA 94101"
#41805,Justin Myers,justin.myers33@outlook.com,Mechanical Numpad,MN-124,3,167.97,2026-05-20,shipped,17173798107829,LaserShip,"4076 Forest Dr, Cleveland, OH 44101"
#79797,Michelle Myers,michelle.myers27@outlook.com,Docking Station,DS-125,3,449.97,2026-03-21,shipped,7424901688,DHL,"4419 Cedar Ln, New Orleans, LA 70112"
#52295,Christine Turner,christine.turner73@gmail.com,Label Maker,LM-136,3,134.97,2026-04-07,shipped,45834800414818,OnTrac,"3873 Hillside Rd, Bakersfield, CA 93301"
#33559,Maria Roberts,maria.roberts67@icloud.com,Ring Light 10inch,RL-105,1,49.99,2026-02-03,shipped,50906820343103147086,USPS,"7512 Forest Dr, Jacksonville, FL 32099"
#73262,Karen Perry,karen.perry12@hotmail.com,Smart Plug,SP-104,2,39.98,2025-12-16,shipped,1Z6625231166575876,UPS,"9745 Pine Rd, San Diego, CA 92101"
#99675,Rachel Brooks,rachel.brooks49@outlook.com,Planner 2026,PL-141,2,39.98,2025-12-20,shipped,97634604521505,LaserShip,"1935 Broadway, San Jose, CA 95101"
#80971,Nicole Ross,nicole.ross90@icloud.com,CPU Cooler,CC-133,2,99.98,2026-01-13,delivered,40611794082352770762,USPS,"5975 River Rd, Raleigh, NC 27601"
#65473,Karen Howard,karen.howard24@proton.me,Power Bank 20000mAh,PB-118,3,149.97,2026-03-16,delivered,1Z9257257389059366,UPS,"8866 Valley Rd, Denver, CO 80201"
#43366,Joshua Gutierrez,joshua.gutierrez5@proton.me,Earbuds Pro,EP-121,3,299.97,2026-03-19,shipped,675751524592,FedEx,"7750 Washington Blvd, Chicago, IL 60601"
#18285,Samantha Walker,samantha.walker49@icloud.com,Label Maker,LM-136,3,134.97,2026-05-12,pending,,,"950 Meadow Ln, Seattle, WA 98101"
#28976,Shirley Martinez,shirley.martinez72@proton.me,Label Maker,LM-136,1,44.99,2025-12-26,delivered,67774069383135710749,USPS,"4563 Highland Ave, St. Louis, MO 63101"
#99946,Nicholas Walker,nicholas.walker82@outlook.com,Mechanical Numpad,MN-124,3,167.97,2025-12-02,delivered,35946888857812,OnTrac,"3273 Pine Rd, Las Vegas, NV 89101"
#13171,Karen Clark,karen.clark83@yahoo.com,Gaming Mouse,GM-122,2,139.98,2026-05-16,delivered,99625641102390634695,USPS,"2285 Main St, Jacksonville, FL 32099"
#48636,Nicole Lewis,nicole.lewis79@hotmail.com,Noise Cancelling Headphones,NCH-600,1,129.99,2026-04-10,shipped,16162163735400,LaserShip,"1070 Hillside Rd, New Orleans, LA 70112"
#47603,Kathleen Wilson,kathleen.wilson98@proton.me,Mini Projector,MP-113,3,599.97,2026-05-09,pending,,,"4361 Cedar Ln, Baltimore, MD 21201"
#26659,Cynthia Sanchez,cynthia.sanchez90@hotmail.com,Desk Organizer,DO-116,1,27.99,2026-02-22,delivered,6464379814,DHL,"3274 Washington Blvd, Cincinnati, OH 45201"
#57538,Susan Evans,susan.evans15@icloud.com,Cable Organizer Kit,COK-134,4,71.96,2026-02-08,delivered,89630769053987,Amazon Logistics,"367 Lakeview Dr, Springfield, IL 62701"
#48806,William Lewis,william.lewis89@proton.me,Phone Stand,PS-107,1,14.99,2026-03-22,delivered,1Z8449642403917486,UPS,"8192 Lake Dr, Phoenix, AZ 85001"
#50237,Gregory Young,gregory.young75@yahoo.com,Smart Bulb Pack,SBP-114,3,119.97,2025-12-30,delivered,640621647706,FedEx,"1872 Highland Ave, Corpus Christi, TX 78401"
#23511,Jack Lee,jack.lee24@gmail.com,Cable Organizer Kit,COK-134,2,35.98,2026-03-02,shipped,9232810527,DHL,"6041 Willow Way, Detroit, MI 48201"
#86810,Gary Reed,gary.reed9@proton.me,Surge Protector,SP2-135,4,131.96,2025-11-24,shipped,07488927412093115326,USPS,"9829 Summit Ave, Seattle, WA 98101"
#31434,Alexander Price,alexander.price5@yahoo.com,CPU Cooler,CC-133,1,49.99,2026-04-10,shipped,44430237368940919516,USPS,"8646 Lakeview Dr, New Orleans, LA 70112"
#92712,Jerry Young,jerry.young88@gmail.com,Green Screen,GS-127,4,183.96,2025-11-26,delivered,05804684862166,OnTrac,"8178 Elm St, Indianapolis, IN 46201"
#31298,Laura Morris,laura.morris74@icloud.com,RAM 16GB DDR4,RAM-132,1,59.99,2026-01-07,delivered,2097785930,DHL,"3343 Pine Rd, El Paso, TX 79901"
#96466,Melissa Roberts,melissa.roberts84@gmail.com,Air Purifier,AP-115,4,519.96,2026-01-14,delivered,77857926472595,Amazon Logistics,"1165 Main St, Miami, FL 33101"
#24458,Deborah Bailey,deborah.bailey53@hotmail.com,Docking Station,DS-125,3,449.97,2026-03-18,delivered,1Z9359704504706087,UPS,"1790 Sunset Blvd, San Francisco, CA 94101"
#44689,Shirley Cook,shirley.cook56@proton.me,Mouse Pad XL,MPX-109,4,91.96,2026-02-06,delivered,254346159484,FedEx,"8974 Washington Blvd, New Orleans, LA 70112"
#95589,Nancy Wright,nancy.wright14@gmail.com,Surge Protector,SP2-135,4,131.96,2025-12-21,shipped,37580627666448,Amazon Logistics,"6775 Willow Way, Richmond, VA 23218"
#67384,Ronald Brooks,ronald.brooks98@yahoo.com,Docking Station,DS-125,3,449.97,2026-05-11,processing,,,"3572 Maple Dr, Honolulu, HI 96801"
#70293,Justin Long,justin.long76@outlook.com,Portable Monitor,PM-130,4,999.96,2026-04-28,pending,,,"5101 Elm St, Oklahoma City, OK 73101"
#57015,Melissa Foster,melissa.foster71@yahoo.com,CPU Cooler,CC-133,4,199.96,2026-01-23,shipped,3112332560,DHL,"2864 Hillside Rd, Oklahoma City, OK 73101"
#84295,Thomas Edwards,thomas.edwards37@yahoo.com,Wireless Charger,WCH-103,2,59.98,2025-12-03,delivered,24029267357111,Amazon Logistics,"6182 Broadway, Honolulu, HI 96801"
#39467,Carolyn Rodriguez,carolyn.rodriguez54@icloud.com,Laptop Stand,LS-700,4,183.96,2026-04-24,shipped,973768780197,FedEx,"5149 Elm St, Los Angeles, CA 90001"
#21290,Carolyn Hernandez,carolyn.hernandez52@icloud.com,USB Microphone,UM-110,2,179.98,2026-01-19,delivered,1Z3642561507380198,UPS,"1361 Pine Rd, Nashville, TN 37201"
#66312,Melissa Cook,melissa.cook39@outlook.com,Smartphone Gimbal,SG-129,4,439.96,2026-03-11,shipped,750230661107,FedEx,"6440 Oak Ave, Jacksonville, FL 32099"
#70894,Joseph Ramirez,joseph.ramirez96@proton.me,Portable Monitor,PM-130,3,749.97,2025-12-03,delivered,1Z0438376629230358,UPS,"3802 River Rd, Baltimore, MD 21201"
#13609,Steven Reed,steven.reed39@icloud.com,Portable SSD 1TB,SSD-102,2,219.98,2026-05-03,out_for_delivery,1Z8326157239645214,UPS,"9645 Hillside Rd, Richmond, VA 23218"
#81429,Sharon Cruz,sharon.cruz36@yahoo.com,Smartphone Gimbal,SG-129,3,329.97,2026-03-20,out_for_delivery,186738565873,FedEx,"1013 Washington Blvd, Memphis, TN 38101"
#51120,Larry Moore,larry.moore21@outlook.com,Standing Desk Mat,SDM-101,2,111.98,2026-03-16,processing,,,"9910 Forest Dr, Columbus, OH 43085"
#83185,Sharon Williams,sharon.williams87@yahoo.com,Mini Projector,MP-113,4,799.96,2025-12-25,shipped,42802913723478,LaserShip,"7776 Pine Rd, Jacksonville, FL 32099"
#66303,Nicholas Scott,nicholas.scott81@gmail.com,Gaming Headset,GH-123,1,119.99,2026-04-30,processing,,,"2311 Main St, Bakersfield, CA 93301"
#66926,William Lee,william.lee71@outlook.com,Noise Cancelling Headphones,NCH-600,4,519.96,2025-12-07,out_for_delivery,1Z8435418053876296,UPS,"7219 Maple Dr, Denver, CO 80201"
#58471,Laura Sullivan,laura.sullivan32@proton.me,Wireless Mouse,WM-100,2,99.98,2026-03-28,shipped,62944499811991,Amazon Logistics,"6528 Hillside Rd, Springfield, IL 62701"
#54600,Kathleen Johnson,kathleen.johnson17@outlook.com,Gaming Mouse,GM-122,4,279.96,2025-11-29,processing,,,"5570 Cedar Ln, El Paso, TX 79901"
#18840,Timothy Bell,timothy.bell85@yahoo.com,Bluetooth Speaker,BS-106,2,139.98,2025-12-29,delivered,53938369455693,LaserShip,"9139 Forest Dr, Austin, TX 73301"
#25141,Katherine Cooper,katherine.cooper60@yahoo.com,USB Microphone,UM-110,2,179.98,2026-01-24,delivered,443685576282,FedEx,"7389 Cedar Ln, Anaheim, CA 92801"
#83471,Richard Taylor,richard.taylor58@yahoo.com,Monitor Stand,MS-400,2,119.98,2025-12-27,processing,,,"1924 Broadway, Albuquerque, NM 87101"
#96431,Catherine Henderson,catherine.henderson37@hotmail.com,Green Screen,GS-127,4,183.96,2026-01-24,delivered,68653701475710,LaserShip,"7322 Willow Way, Denver, CO 80201"
#85056,Donald Martin,donald.martin64@outlook.com,Gaming Mouse,GM-122,2,139.98,2026-04-30,pending,,,"6878 Maple Dr, Minneapolis, MN 55401"
#33916,Jacob Jackson,jacob.jackson69@yahoo.com,CPU Cooler,CC-133,3,149.97,2026-05-17,delivered,51996841861561,Amazon Logistics,"5525 Hillside Rd, Corpus Christi, TX 78401"
#70238,Samantha Moore,samantha.moore2@hotmail.com,NVMe SSD 500GB,NVM-131,3,239.97,2026-03-08,processing,,,"9512 Hillside Rd, Philadelphia, PA 19101"
#78644,Maria Reed,maria.reed44@yahoo.com,Fitness Tracker,FT-120,4,359.96,2026-01-24,processing,,,"5529 Willow Way, El Paso, TX 79901"
#10281,Timothy Nelson,timothy.nelson81@gmail.com,Smart Plug,SP-104,3,59.97,2026-05-16,shipped,87960209394343654275,USPS,"5229 Lake Dr, Chicago, IL 60601"
#61703,Christine Moore,christine.moore29@outlook.com,Power Bank 20000mAh,PB-118,4,199.96,2026-01-19,delivered,8025798014,DHL,"9710 Willow Way, Miami, FL 33101"
#63428,Eric Perez,eric.perez44@yahoo.com,Ring Light 10inch,RL-105,3,149.97,2026-04-29,delivered,72173633693327857691,USPS,"6724 Park Ave, Salt Lake City, UT 84101"
#89529,Emma Sanchez,emma.sanchez76@icloud.com,Desk Organizer,DO-116,4,111.96,2025-12-20,shipped,73149622525157,Amazon Logistics,"6268 Highland Ave, Cincinnati, OH 45201"
#82796,George Flores,george.flores74@outlook.com,CPU Cooler,CC-133,2,99.98,2025-12-02,delivered,5659356789,DHL,"8944 Lakeview Dr, Indianapolis, IN 46201"
#82348,Paul Perez,paul.perez37@outlook.com,Laptop Stand,LS-700,1,45.99,2026-04-18,processing,,,"5086 Park Ave, Bakersfield, CA 93301"
#84398,Pamela Morgan,pamela.morgan23@gmail.com,Standing Desk Mat,SDM-101,1,55.99,2025-12-31,shipped,2143119337,DHL,"5191 Summit Ave, Detroit, MI 48201"
#65097,Elizabeth Turner,elizabeth.turner95@yahoo.com,Wireless Mouse,WM-100,4,199.96,2026-02-05,shipped,93757557046160,LaserShip,"7269 Lakeview Dr, Bakersfield, CA 93301"
#77784,Matthew Powell,matthew.powell4@outlook.com,Noise Cancelling Headphones,NCH-600,4,519.96,2026-05-04,delivered,8810634297,DHL,"3076 Valley Rd, New Orleans, LA 70112"
#78267,Sarah Reyes,sarah.reyes45@outlook.com,Standing Desk Mat,SDM-101,2,111.98,2026-04-27,delivered,768161542295,FedEx,"4155 Maple Dr, Baltimore, MD 21201"
#76983,Kathleen Long,kathleen.long3@icloud.com,Laptop Stand,LS-700,4,183.96,2026-03-19,delivered,0852021876,DHL,"4139 Main St, Atlanta, GA 30301"
#12400,Ryan Hill,ryan.hill22@yahoo.com,USB-C Hub,UCH-300,2,79.98,2026-04-04,pending,,,"6741 Pine Rd, San Jose, CA 95101"
#95342,Steven Nelson,steven.nelson50@proton.me,Standing Desk Mat,SDM-101,4,223.96,2025-12-27,shipped,96312733260113,LaserShip,"9742 Highland Ave, Bakersfield, CA 93301"
#70482,Anna Davis,anna.davis60@gmail.com,Gaming Headset,GH-123,1,119.99,2026-02-28,shipped,397129781801,FedEx,"9703 River Rd, Chicago, IL 60601"
#12340,Linda Adams,linda.adams57@gmail.com,Monitor Stand,MS-400,4,239.96,2025-12-05,returned,91116277753889104281,USPS,"9924 Park Ave, San Jose, CA 95101"
#86433,Jack Price,jack.price56@hotmail.com,Laptop Backpack,LB-117,4,319.96,2026-05-02,delivered,17862141560751971097,USPS,"6199 Washington Blvd, Miami, FL 33101"
#59756,Karen Watson,karen.watson55@proton.me,Wireless Charger,WCH-103,4,119.96,2025-12-20,delivered,1Z7872037288719239,UPS,"5245 Meadow Ln, Richmond, VA 23218"
#61906,Anna Martin,anna.martin92@outlook.com,Air Purifier,AP-115,1,129.99,2026-01-28,shipped,22568318538349822973,USPS,"3653 Forest Dr, San Jose, CA 95101"
#12076,Richard Hill,richard.hill95@proton.me,Ergonomic Chair,EC-900,3,899.97,2026-01-07,delivered,73341069255478,OnTrac,"9513 Broadway, Richmond, VA 23218"
#31904,Jerry Ramirez,jerry.ramirez10@yahoo.com,Shredder,SH-137,4,359.96,2026-02-24,delivered,1Z7776907430542949,UPS,"4179 Broadway, Cleveland, OH 44101"
#46032,Jeffrey Sanchez,jeffrey.sanchez24@proton.me,Laminator,LAM-138,1,39.99,2026-01-27,pending,,,"8589 Meadow Ln, Raleigh, NC 27601"
#76644,Carolyn Martinez,carolyn.martinez42@yahoo.com,Smart Bulb Pack,SBP-114,1,39.99,2026-02-13,processing,,,"572 Meadow Ln, Baltimore, MD 21201"
#70235,Justin Peterson,justin.peterson34@proton.me,Noise Cancelling Headphones,NCH-600,4,519.96,2026-05-04,shipped,1Z2279972099013678,UPS,"5726 Pine Rd, Tampa, FL 33601"
#93461,Timothy Fisher,timothy.fisher86@outlook.com,Stapler Heavy Duty,SHD-139,3,74.97,2026-03-09,shipped,1Z8091697155257207,UPS,"6387 Willow Way, Minneapolis, MN 55401"
#39411,Katherine Johnson,katherine.johnson86@gmail.com,Laptop Backpack,LB-117,3,239.97,2026-04-15,pending,,,"9478 Elm St, Los Angeles, CA 90001"
#53881,Robert Davis,robert.davis19@proton.me,Laptop Stand,LS-700,4,183.96,2026-03-24,pending,,,"5582 Main St, Raleigh, NC 27601"
#85300,Benjamin Edwards,benjamin.edwards71@proton.me,Tripod Stand,TS-128,4,159.96,2026-04-19,delivered,71440485643474,LaserShip,"9562 Forest Dr, Bakersfield, CA 93301"
#13367,Jason Foster,jason.foster81@outlook.com,CPU Cooler,CC-133,4,199.96,2026-01-14,delivered,67052753454635,Amazon Logistics,"1849 Oak Ave, Charlotte, NC 28201"
#63639,Frank Kelly,frank.kelly10@outlook.com,Green Screen,GS-127,4,183.96,2026-03-15,cancelled,,,"4671 Summit Ave, Honolulu, HI 96801"
#48750,George Taylor,george.taylor41@hotmail.com,Tripod Stand,TS-128,3,119.97,2026-01-01,shipped,31036210300872763253,USPS,"6571 Cedar Ln, San Jose, CA 95101"
#60114,Steven Garcia,steven.garcia27@hotmail.com,Capture Card,CC-126,2,179.98,2026-04-11,delivered,843985417077,FedEx,"2924 Washington Blvd, El Paso, TX 79901"
#75633,Rebecca Walker,rebecca.walker20@proton.me,Docking Station,DS-125,1,149.99,2025-12-13,shipped,94276902221993474651,USPS,"668 Hillside Rd, Cleveland, OH 44101"
#44252,Pamela Gomez,pamela.gomez29@gmail.com,Webcam HD 1080p,WC-500,2,159.98,2026-04-05,returned,1Z3192388305181858,UPS,"6377 Maple Dr, Salt Lake City, UT 84101"
#88629,Janet Miller,janet.miller6@icloud.com,RAM 16GB DDR4,RAM-132,2,119.98,2026-02-14,pending,,,"9884 Forest Dr, Chicago, IL 60601"
#32509,Heather Peterson,heather.peterson36@yahoo.com,CPU Cooler,CC-133,1,49.99,2026-01-03,cancelled,,,"1866 Meadow Ln, Minneapolis, MN 55401"
#35770,Katherine Turner,katherine.turner43@outlook.com,Ergonomic Chair,EC-900,1,299.99,2026-05-17,delivered,70166314155011148745,USPS,"4352 Elm St, St. Louis, MO 63101"
#87712,Elizabeth Reyes,elizabeth.reyes4@hotmail.com,Surge Protector,SP2-135,4,131.96,2026-05-09,shipped,81777929360512927248,USPS,"9116 Pine Rd, Columbus, OH 43085"
#23771,Stephanie Barnes,stephanie.barnes98@gmail.com,Power Bank 20000mAh,PB-118,2,99.98,2026-01-29,returned,85760181660478,LaserShip,"9536 Valley Rd, Columbus, OH 43085"
#11962,Kevin Richardson,kevin.richardson44@outlook.com,Laminator,LAM-138,2,79.98,2026-02-22,delivered,265927846401,FedEx,"5391 Forest Dr, Nashville, TN 37201"
#79500,Raymond Torres,raymond.torres28@icloud.com,Noise Cancelling Headphones,NCH-600,1,129.99,2026-04-02,shipped,29004910913934,Amazon Logistics,"6389 Sunset Blvd, Portland, OR 97201"
#96751,Andrew Moore,andrew.moore13@gmail.com,Phone Stand,PS-107,3,44.97,2026-03-13,delivered,1Z9728868097796520,UPS,"825 Main St, Raleigh, NC 27601"
#88192,Justin Lee,justin.lee20@outlook.com,Ergonomic Chair,EC-900,1,299.99,2026-05-20,processing,,,"4209 Elm St, Los Angeles, CA 90001"
#26908,Anna Robinson,anna.robinson55@hotmail.com,Surge Protector,SP2-135,4,131.96,2025-12-04,delivered,62040483481118,OnTrac,"6971 Cedar Ln, Las Vegas, NV 89101"
#59300,Raymond Russell,raymond.russell71@gmail.com,Smart Plug,SP-104,2,39.98,2026-05-05,delivered,1Z4673614545072495,UPS,"6908 Forest Dr, Indianapolis, IN 46201"
#29845,Jack Kelly,jack.kelly48@hotmail.com,4K Webcam,4KW-112,3,449.97,2025-12-06,shipped,21144604512537,OnTrac,"7703 Lakeview Dr, Arlington, TX 76001"
#47898,Daniel Lewis,daniel.lewis72@yahoo.com,CPU Cooler,CC-133,3,149.97,2025-12-05,processing,,,"3950 Lakeview Dr, Oklahoma City, OK 73101"
#14712,Cynthia Garcia,cynthia.garcia5@hotmail.com,Mechanical Numpad,MN-124,2,111.98,2026-01-28,pending,,,"3694 Broadway, Columbus, OH 43085"
#18520,William Jenkins,william.jenkins40@proton.me,Portable SSD 1TB,SSD-102,4,439.96,2026-01-09,cancelled,,,"517 Broadway, Omaha, NE 68101"
#40365,Matthew Fisher,matthew.fisher7@icloud.com,Stapler Heavy Duty,SHD-139,2,49.98,2025-12-24,out_for_delivery,1Z9763156108574960,UPS,"8271 Broadway, Richmond, VA 23218"
#66023,Helen Watson,helen.watson10@yahoo.com,Monitor Stand,MS-400,1,59.99,2026-01-22,delivered,41030321568081326308,USPS,"5963 Summit Ave, Pittsburgh, PA 15201"
#89852,Katherine Ross,katherine.ross60@gmail.com,Ergonomic Chair,EC-900,2,599.98,2026-04-13,shipped,52167239964872,Amazon Logistics,"1066 River Rd, Richmond, VA 23218"
#81162,Jerry Morris,jerry.morris40@gmail.com,Smart Plug,SP-104,4,79.96,2026-05-17,shipped,460289340663,FedEx,"3095 Forest Dr, Jacksonville, FL 32099"
#33240,Jonathan Rivera,jonathan.rivera38@proton.me,Stapler Heavy Duty,SHD-139,4,99.96,2026-03-19,shipped,00757181782320,LaserShip,"6197 Broadway, Philadelphia, PA 19101"
#19545,Dorothy Adams,dorothy.adams61@icloud.com,Docking Station,DS-125,3,449.97,2025-12-12,processing,,,"906 Pine Rd, Denver, CO 80201"
#74515,Joseph James,joseph.james74@yahoo.com,NVMe SSD 500GB,NVM-131,1,79.99,2025-11-27,pending,,,"9661 Forest Dr, Dallas, TX 75201"
#10677,Amanda Robinson,amanda.robinson80@proton.me,Laptop Stand,LS-700,3,137.97,2026-05-05,shipped,26897956929767,OnTrac,"2814 River Rd, El Paso, TX 79901"
#37259,Joshua Ross,joshua.ross99@proton.me,Gaming Headset,GH-123,4,479.96,2025-12-31,shipped,1Z7506241494472841,UPS,"5213 Cedar Ln, Indianapolis, IN 46201"
#43557,Nicole Hill,nicole.hill47@outlook.com,Smartphone Gimbal,SG-129,3,329.97,2026-01-03,pending,,,"9803 Elm St, Albuquerque, NM 87101"
#44391,Donna Morris,donna.morris31@proton.me,Standing Desk Mat,SDM-101,1,55.99,2026-05-21,delivered,27056099356193,Amazon Logistics,"8210 Maple Dr, Richmond, VA 23218"
#22947,John Ward,john.ward3@proton.me,Smartwatch,SW-119,4,799.96,2026-01-18,out_for_delivery,1543792859,DHL,"1983 Sunset Blvd, Salt Lake City, UT 84101"
#30612,Mary Jenkins,mary.jenkins83@proton.me,Monitor Stand,MS-400,4,239.96,2026-04-22,shipped,75162609106618,LaserShip,"5576 Maple Dr, Memphis, TN 38101"
#46922,Ryan Myers,ryan.myers11@icloud.com,Laminator,LAM-138,2,79.98,2026-05-09,processing,,,"2189 Park Ave, Austin, TX 73301"
#31047,Sandra Jenkins,sandra.jenkins39@yahoo.com,Shredder,SH-137,2,179.98,2025-12-10,delivered,1Z5620396808209826,UPS,"7245 Highland Ave, Houston, TX 77001"
#99940,Janet Nelson,janet.nelson59@icloud.com,Desk Organizer,DO-116,1,27.99,2025-11-22,out_for_delivery,1Z4735444604435334,UPS,"4541 Park Ave, Charlotte, NC 28201"
#83887,Katherine Russell,katherine.russell7@outlook.com,Cable Organizer Kit,COK-134,3,53.97,2025-12-13,delivered,94473237171285,Amazon Logistics,"1909 Elm St, Charlotte, NC 28201"
#24201,Brenda Brooks,brenda.brooks58@hotmail.com,Drawing Tablet,DT-111,3,479.97,2026-03-14,shipped,566996006550,FedEx,"9003 Lake Dr, Las Vegas, NV 89101"
#56690,Sharon Clark,sharon.clark3@yahoo.com,Portable SSD 1TB,SSD-102,1,109.99,2026-01-08,shipped,563197971847,FedEx,"3064 Park Ave, Memphis, TN 38101"
#16268,Samantha Phillips,samantha.phillips68@yahoo.com,Air Purifier,AP-115,2,259.98,2026-02-03,shipped,64769935152661071007,USPS,"8389 Lake Dr, Sacramento, CA 95814"
